42783463909,investo_richard5000,investor_richard
47399194522,markwilliams12373,
44555093099,wn2ckcg2z4,ｙ
46134691448,xwdxd.treeza.iutre,Искандар
43832133028,waycooljuniorofficial,Waycool Junior
37104316686,ellason_signature_homes,Ellason Signature Homes
8351180142,victor_hk668,波鞋👟
9174623575,novemsdream,優質天然水晶寶石玉器首飾擺設🔮📿💍
33615421277,crystal.alexis.d,Crystal.alexis 水晶小铺💕
4056462454,owlyo22,Owlyo
40412799483,m.mahjour.55222,
36264076826,kunjezhuthukal_,കുഞ്ഞെഴുത്തുകൾ
3911098253,cederleufssvenheimersallum,Cederleüfs Svenheimers Allum
39199969429,07haru14,春
39625549962,turepourng,Cedric 歐
39047332001,royxalng__4,Brinley 曾
38833797633,ghorurets,朱敖 Cory
1333906129,wpnwear,WPN  |  #StrongerTogether
39470009146,dino_den2,Dino 傅
39650288082,soarcorhv,高凱🍐
39162087465,ivor.tsuki,Ivor 龐瑜月🐘
38795200514,charlie.mcbain.4,charlie
7467047126,eldondedio,Luzinfer
34000801260,_nima_1361_,nima
8245691281,wlqjatjd99_56_,성쁨💕
18035006639,wonho_0413,최원호
39442005605,cavanrikumori,Cavan 陸盛⚡
39442020686,teitakashiin,鄭充韻
29300493656,5___mavi_2_,성연
8227456026,haeun29577,조하민
39167361496,jsh.888,
14748182834,mahmod1252547,m
36068960000,pur3_rexrah,
32177708339,9521mini_15,배건훈
13022403045,euvjor._2,한초홍
38241001032,rubyroyal2020,Ruby Royal Entertainment
3471554671,arad.mq.68,🎼🎧🎹
33441566985,ksoo_300701,
38774454811,braxtonln,琛金
38705677416,qirjor,Ginger 龐
47192485261,moliaira6,Moli Aira
7439335133,the.legend.of.football,
47392834109,laura.schy.52,Laura Schy
47560897663,assistencia_de_celulares_rl,RL assistencia de celulares
22485904605,hoodrichlegend_t.i.g,HoodrichLegend
45609060972,__percz___,
45465915819,wdbryk2,ودبريك
45019737832,pets_animalslover,animals_lover
30494972599,_satym_jeaf,Satym jeaf
46199041347,cats_of_istagran,
45973862842,_cute_cats_boom,Abubakr
45439663844,catsup2date_,𝗖𝗮𝘁𝘀 | 𝗸𝗶𝘁𝘁𝗲𝗻𝘀
7678586847,sakhirawofi,Gholam Sakhi Rawofi
8433822568,sthelensrl,St Helens RL Fans
5346713957,hiem_insaat_emlak,Fatoş Yılmaz
26930417692,ko740806,📱手機賺錢  🎮遊戲賺錢  💰發財金 詢問  建廷🤵
44457017272,ademmaalaoui7777,Adem_1237
44980609801,australia.throughthelens,EXPLORER 🌿
36996384215,giveaway.com88,giveaway.com
45003339347,karan__singh8055,
43322309048,jjguizie,Jerome Guizbatt
8512674081,pizzaslecio,lecio pizza
547940199,andresucho52,Carlos Betancur
7801501734,outofmywey,OutofmyWEY
703686906,chefsamchoy,Sam Choy • Godfather of #Poke
4116934182,amed_zmr,Amed Zemouri
11856809799,elkaszenithvintage,Elkaszenith
41207558926,judas_kazura_1986,Judas 葛 1986
41432256747,arran_ebisu,Arran 胡
41618720420,nr__umakei,馬佳 𝔹𝕣𝕒𝕟𝕥𝕝𝕖𝕪
42003160591,zq.yoshi.389,美
41432872864,chokunsuzanna,趙怡君 Suzanna
39426206214,ken.gei,蔣健藝
39638683466,hoakirastewart,方亮錦 Stewart
39255659910,shu.takashi.reef,周隆 Reef
39258528904,cobykata,Coby 方
39243732561,iwagilbert,吳岩 Gilbert
39458266090,oedsel1994,王 Edsel 1994
39230935539,iwburtzhang,Burt zhang 🎳
39634676019,o_tsuyoshi_5,雄剛
39245996092,terbairdsre,士賢
8964052999,mdsohaibul,Mir Sohaibul Islam
33518441781,regis__228,medardinho❤️
39499298955,ogunleyealade,Alade Ogunleye
40961095225,mumadk2020,
11181238911,umummiia_9,네잎클로버
41317162792,dr.omid.v.e.r,@DR.OMID.V&E.R@69$
10450741739,su_jin_._732.__._,이수진
40968214446,cyrusardhor,Cyrus Ardhor Mafoko
40737513409,medirevo_11,medirevo mucize 11
41536507510,seacoastscents_scentsy,Seacoast Scent
45773701637,transcendencetaos,Transcendence Taos
23710691297,livelikez8,Live Like Z
39180933205,fans.de.mandi.ofc,magdalena
44643684570,ped__poseidon_,░ℙ𝔼𝔻░「頂級復刻」鞋舖🔱
44839624380,nthbutcrystal,Nothing But Crystal
44361901445,og__palace2,OG PALACE 2號店
43129170370,liy.room,頂級精品訂製 讓你無壓力進出專櫃✨
39177665214,guadai_90,♠️瓜呆精品代購♠️
39859575646,uouo0406,
44651626375,ethylene.344,ethylene.344
42542665266,haohao479856,高俊豪
39252313164,intricacywatch,Intricacy Timepieces
1597924370,ivyblue2805,ʟᴇ ²
39600064055,sean__sui,Sean sui
38285566949,to_gi.1645,𝐂𝐡𝐚𝐧𝐝𝐥𝐞𝐫 唐議
38296902111,haleyrimakoto,Haley 李丹瓊
39141392270,clark.hou,Clark hou
38925209368,ri.euen.1993,李 Euen 1993
40029557073,hannn7758,阿拉蕾💕運彩小天使💕
39655880918,zacheryzuo,Zachery zuo
39248529499,damianazusa,Damian 倪梓
39387404113,borduids_,馮 Rodolfo
45043408908,luna.magika.369,Luna Magika
47083521556,rmeii_studio,🔘ʀᴍᴇɪɪ_ꜱᴛᴜᴅɪᴏ🔘
47151151237,joannbrisa,Joann Brisa
8736231392,brixiabike,BrixiaBike
34625898038,weglaspitagorassobral,Wêglas Barbosa
19243082391,kingtutmel,King TUT Mel
955449640,useuniversitarios,Universitários
5399267834,juliermeteofilo,Julierme Teofilo
35940722260,mdratul.hasan.75033,MD Rahul Khan
5451227580,thiago_savedra,Thiago savedra
28616436762,bryantlola246,Bryantlola246
29880498830,greeniemphela,Greenie Mphela
41248457420,choakiramercy,張晶羽 Mercy
41396620143,annette__o__eda,Annette 王枝
41388053712,mukaifloyd1998,向 Floyd 1998
41235427034,on_maki,恩牧
41809568878,yorfouds73,王丞
41761918805,girkeimn,源
39450372839,ridon.6289,李 Don
39631253894,takeyasushitadhg,武靖 Tadhg
39268704010,valentino_hu_1995,Valentino hu 1995
39842187000,zairpere16,馮 𝕾𝖙𝖆𝖓
39238686396,dradro2,汪語瓏 𝑳𝒍𝒐𝒚𝒅
38915482688,yoshi.2614,戴淑
11653507702,saerom.mm.5,로미
10009739445,esytt__310,붙임머리
35443635126,marieagnesbarranger,Marie Agnes Barranger
10598028927,siseon__._,선선
27618693103,kiny.ru_,선혜
9910207046,2_.39_sb_2,성빈
41772300733,kiethautch,丁黛
41255320349,morinokicolby,杜軒 Colby
41212765897,lyo_tonia,呂 Tonia
