1401900280,chicchic_onni,夏裝春裝上架中🍂兩件貨品 包順豐自取/智能櫃
7245411891,gamboutique_88,GaMKstore精品代購
504101830,luu_jia,呂嘉1996
13059439433,audrey.adler7847,Audrey Adler
11160219059,babyparis1124,張羽恩
3467408183,capetowncityfc,Cape Town City FC
252340427,bennimac17,Benni McCarthy
1593308658,tanitamadre,刘皓
241847714,kris_chanching,Cнrιѕтιne Cнan
792071194,harubb99,女王
641204465,babe.weng,Zihan Weng  子涵
1504165208,jiahua_03_06,華. Hua
46279357942,ebisumargie,胡 Margie
1417799969,flor_de_p,Florencia Peña
1643426609,yosoypanam,Panam Oficial
2019803333,racheal_0227,Racheal 01's
8199338068,corrine_1203,Corrine
45201498645,onehourforearth,1 Hour for Earth Tea Ceremony
10902860707,mr_bu11et,AsianBoi
1722199628,cddddd00,I’m Baby💋
8964004775,summereveryday2,蕎安
46474001508,corcheimn_,榮薇
4138599613,perlesuisse,PERLESUISSE
1709854767,kocasinanbelediyesi,Kocasinan Belediyesi
1718108899,ahmetcolakbayrakdar,Ahmet Çolakbayrakdar
1830708517,ben0912299560,東晏（大東手機維修）
46972888569,wen19956,wen0115
46337308931,fffffei_ge,Gianni
46243294681,eat__n__enjoy,饗享央廚
1562306556,jason___224,Jason Lin
487813825,lily981718,張瑜恩 UN
521714096,cheng_jhe0717,ᴄʜᴇɴɢᴊʜᴇ  (이승철)
1795966055,agenzia_ansa,Agenzia ANSA
1429117741,ungiornodapecora,La pecora di #UGDP
40009934193,lele114514,lelelele
45300942811,m.mn3w,New
2338506157,forever.le,Elena
16390191,hearyin,𝕪𝕚𝕟 ⋆
44348967636,perfect_choice888,sharon♡完美選擇創始人
1194061350,sevcanvaris,Sevcan Varış
1195649349,aycanvarissofficial,Aycan Varış
45954137874,poorshoidge,Kristin 倪影
6117569344,irisching1229,艾青𝒾𝓇𝒾𝓈
434352937,peterpan0620,潘裕文
322216202,shannnis,姍姍💋
6025983499,bee._.0220,Lin Hua
46198379621,guorquortch.nj,怡晶
2285066311,k.yuanyu,Jack
253982730,equipedefrance,Equipe de France de Football
1449927087,mr.choupo,Choupo-Moting
3458023377,0616_lvy,媙
27233710267,noplan.studio,No plan is a good plan.
34622614083,debbie_makeup_studio,造型師Debbie
45039966967,deborah_eyebrow_art,Deborah 半永久眉型設計
13711874477,tkwjacky,Foodie Jack 🐱
19947593265,tingyu_0508,
1836304220,senoritamilica,Milica Pavlovic
1761609848,ceranicmilena,Milena Ceranic
45976524782,alyssia___kb,李爽 ℛ𝒶𝒸𝒽ℯ𝓁
315531065,5400wu,吳速玲 Shuling Wu
2056612204,lance2.14,Lance 🐦 | Photography
45029110152,sunny_day_1991,張晴天
11315352618,hao.hao_05,Hao.Hao
30376040926,ni_oni_nail,ɴɪ ᴏɴɪ時尚美學｜中山區美甲、美睫、紋繡｜
1328474277,loudwire,Loudwire
212219442,triviumband,Trivium
46184730074,wonder_life888,WonderLife 全能生活旗艦店
233458914,wml_wml,MollyWang
2109767693,meinuoliu,美娜 劉
8944621,coz.ur,
546201507,hanson.lilian.salon,Screen-漢森&莉莉恩-高端無痕接髮
46404482563,qian880628,小倩
27688431633,lelegance.shop,
181182232,carsonrowland,Carson Rowland
275065303,kysonfacer,K Y S O N   F A C E R
45705808025,gentry.1202,Gentry
39419940915,cn_7869,Li yu chen
2324395552,sym.taiwan,SYM
16362114637,lov_buty.eyebrow,眉製造美🍀霧眉｜飄眉｜眼線｜嘟嘟唇｜美睫｜KSMP頭皮刺青
4593411372,liting.0410,庭😈
4281224331,byronmann1,Byron Mann
12482674539,hey.925silver,HEY韓國純銀925飾品專門店
379132285,ericlai.photography,Eric Lai Studio影像團隊
369719055,urvashirautela,URVASHI RAUTELA 🇮🇳Actor🇮🇳
2062609512,katesharma,K❤️T E  S H A R M A
31491493318,polishedwritings,改文服務👩🏻‍🏫🇭🇰|大專| 大學| IELTS
42680315279,ming_cheng10.9,挚鸣
45062440557,alfven_ig_shop,+852 IG SHOP 雜貨店
1058157552,twitch30678o_illilllil,TWITCH 30678o_illilllil
45790099387,hw883388,Pan yi xing
5966623329,pptsuii,MissPP
1089027249,baby0824_,
199735199,uae_barq,برق الإمارات
212580020,dbelhoul,ضرار بالهول الفلاسي
46323363748,caleighchoshibe,Caleigh 趙慧蕊
2225063671,linshiaotung,林曉同 Lin Shiao Tung Jewelry
1604076497,kelly0725a,凱莉🎀品牌香水、自訂款Nubra
46102039558,cxz949812,Wei Ni
791124634,do_0805,Hsin-iChung🌟dodo(嘟寶媽咪）
1160817581,kim1491491,小金Kim
6420510509,hsuariana_,𝘈𝘳𝘪𝘢𝘯𝘢♡ 子茜
1497414823,theshaderoom,The Shade Room
34260009,djboof,DJ BOOF
45945919435,_bubu_x,咘咘🦄
8098910520,sdare_self,S'dare
1094185043,xiang1217_666,韓禹香
44788218870,crystaly.boutiques,殿晶堂｜🅲🆁🆈🆂🆃🅰🅻🆈.🅱🅾🆄🆃🅸🆀🆄🅴🆂
359006036,misshaaaaa,명천재
569474836,howpj_,How配件 犀牛盾 玻璃貼 Uag 太樂芬
1567062775,carnegielibrary,Carnegie Library of Pittsburgh
26128841,wqed,WQED Pittsburgh
1457868535,mina_0310_tw,minaa
12905230,natttttchau,"""nc"""
685605040,glc.0721,RAY
364272237,gina.x37,璇璇 🐬 美容｜代理｜直播
44848763778,corgi__0412,海王小哥哥⚇
19234923382,a29875578,小陳經理0989-599787
245344643,naturi4real,Naturi Naughton
1742999858,misslloren,Lela Loren
39020011108,flyacrosskr,韓國女裝◽️全現貨發售📦每週上新💛
2285840986,gxiaooo,金潇
30327024729,k9999_75,K進化
1930029510,83.12.13,
5602080336,naruko.tw,NARUKO TAIWAN
7615028780,doris.303,DORIS SALON•朵粒絲沙龍
45985197195,cherry_sinyee,
320780691,alexishotchip,Alexis Taylor
1683821790,joe_hot_chip,Joe Goddard
1108187354,lovelycic,关娜西
533152525,dragon_0929,山本 靖也
2027461673,hj.nails,HJ藝術美甲美睫 Hsu Jai Nails Art
616812192,itslittlejanny,Janice
199178988,nien.cc,Candy
45475314779,i.contact2021,i.contact 2021
41677313898,nanosupps.hk,Nänosupps.hk
254626592,bouanga_20,BOUANGA DENIS 🍀
6623709975,loicperrin_24,Loïc Perrin
1206681028,na.hsu,Na
45473467759,z.3.sui,Vega找我💗
1192941503,chunwei_1229,濬緯
44326731923,cube.pd,⚪️𝒞𝓊𝒷𝑒 ‘𝓅𝒹  𝓈𝓉𝓊𝒹𝒾❀⚪️
520487660,b_ella0423,貝拉琪 🦋桃園JERÔSSE婕樂纖副總
44530228520,superbeauty.cm,超美
1338839908,evayang819,はね . 𝐙𝐘
4051853811,maccosmeticsrussia,M•A•C Cosmetics Russia
322277208,starbucksrussia,Starbucks Russia
393231907,mayabib_tj,MayaBib
5448436122,ins_fans_likes_ask_me,加粉刷赞专业推广
1011996539,mg_waki,DJ WAKI 【Candy Foxx】
38832243694,flowery520,Flowery芙珞莉雅🌹讓歲月無痕～
4178984321,pinge_josh,你的魔髮師Josh💈
1260484123,4uwen,4U
143893910,benjpasek,benjpasek
180379653,justinpaulmusic,Justin Paul
23043527275,_xxjiyongxi,𝗢𝗙𝗙 🌶️
858297848,euricacheng,Eurica Cheng
2332183652,eji310928,Ivy❤️ 日喬恩法國魚鱗膠原蛋白經銷💕
39159870569,lisa._.shope,lisa服飾美妝賣場🐼抽獎進行中🎁
45532946809,masksugar_,Masksugar
393215111,miffy8223,蓉蓉 🌼
559314497,fabriibustos,Fabricio Bustos (16)
4678016420,alan.franco.2,Alan Franco
6483333348,lynnz_1002,𐂂 Lynnz Lee 李恩𐂂
1690123310,nfsi.co,Seven Cheng ™
5866464420,pkpkbilly,震宇-好好寫字
10148452419,louis614_02,桃園接髮.中壢接髮.羽絨接髮.燙染護.推薦路易斯.
45872948044,aphla_tw,
7203031480,lisaka1010,柒默♡구름   𝓛𝓲𝓼 𝓪
318427291,jason782325,Jason Chang
230375667,cunningtakeyama,カンニング竹山
210052308,dachoclub_official,dachoclub_official
45075875662,mielle_taiwan,米樂絲專業髮品
2513918306,flower_8091,花點點❄️ELSA的母后
6682748,sinmamaftm,SinSin Skateboard Coach
12259795674,qi409_,多♡(招收精品代理✿ฺ）
1469958207,yusin7zz,♥️
44574914407,hker_buybuybuy,Buy³
13928840219,mood_nail.studio,Mood nail studio 小心情美甲✨
212157,sancalori,Santiago Calori
1691004755,postafm,Posta
12275641,rogan.bay,
34256414723,cfine_tw,C’FINE 舒飯健康餐盒
5352312613,zmy.617,折耳🍯
28656944053,like_you5566,终究惊艳了月光♡
9044277,abby.nian,𝐴𝑏𝑏𝑦 鯰鯰
44292867557,ppbeautyhk,𝓨𝓸𝓾𝓻 𝓯𝓲𝓻𝓼𝓽 𝓬𝓱𝓸𝓲𝓬𝓮 🌹 𝓟𝓟𝓟𝓛𝓤𝓢
11211605,traceeellisross,Tracee Ellis Ross
3531858,robinthede,Robin Thede
45014092083,zivearckrv,Sabine 蔡冰荔
36071536074,ayes_hk,Ayes
45297580756,xiaohua2021,C hen
289467404,milksonfong,Milkson Fong 方紹聰 (奶仔)
2932075122,___1995329,Solo
313850679,lkk_chu,ʚ ᵞᴱᴺ ɞ妍希🤍
182463017,hellfestopenair,Hellfest Open Air Festival
1577285836,tagadajones_officiel,Tagada Jones-Punk HxC-France
8649659574,leeyueen,李悅恩
1305324433,jl___i29.8.6miss,小戀 🌟٩(๑❛ᴗ❛๑)۶
1175655477,ilsachang1109,張琳Ilsa Chang
366760408,sherennee,Sherene🎀 | Candour®亞洲第一互聯網企業
967433591,bvhair_g,Yu. MengYun🟥臺北市/客製化髮型/臺北燙髮/染髮/
9167893485,angel_shan_33,
1196079475,monsteryukix,紗紗✦𝖤𝗋𝗂𝗌𝖺®
1962408390,lllll_54321,小羚
1636281262,optimushwang,황민현
10229457243,nuest_official,뉴이스트(NU'EST)
38749984667,fu_kee,隆亨邨富記大牌檔 Fu Kee
45035915947,powerbomb_energy_drink,PowerBOMB 有能量就是帥！
251580676,tattooist_davew,ᴅᴀᴠᴇ ᴡɢ | ᴛᴀᴛᴛᴏᴏ ᴀʀᴛɪsᴛ
11288210603,h12.studio.china_,H12 studio 服務至上 絕無分店🏆
6647778303,xuan_sunny0223,何芸萱
45306448216,nikkyta___,
2080636766,b.league_official,B.LEAGUE（Bリーグ）
3560032084,greenguys7,西野曜　Yo Nishino
3270454172,freelife.studio,Free Life Studio 運動工作室-站前店/自由店
25064505320,chenzhong89,Chen Jhong
996660,nichole061,NicholeTong🛫Travel🎨Graffiti
1138980577,yikuan_0222,Lin YiKuan
45372992783,1asonphoto,eason
406539396,pattyorue_,Patty Orue
300115865,acholaterza,Acho Laterza
3484521308,becky_wu_26,Becky Wu
40475299060,heraaa0214,美容按摩芳療-𝐇𝐞𝐫𝐚♡赫拉
281410831,_j31y_,🌛･･婕穎･･✨
45208761901,kiying0,Laurence  (황준광)
519003368,gikuko_sleeper,菊子
30065958348,ada_1.10barber,Ada 阿達  台中男士理髮 男士漸層
4075356988,unigirlsjunior,Uni-girls Junior 校園甜心
354730618,eigeradventure,EIGER - TROPICAL ADVENTURE
1089201140,iamkalibre,KALIBRE
325698971,helloguitar,曾小新 🎸 吉他小新
22910037448,wbeauty101,W 術後保養 皮秒/各式雷射/音電波就交給 W
605421101,mai_yu_ren,麥
1696426388,kai.kai0904,Kai🐱
45049876560,jack.inhere,
1616657537,yuki_3465,優希ᵞᵁᴷᴵ🌼
2242251021,kn.sii.i,KANA
4865450138,jb_yuya_0630,加藤勇也【Zero PLANET】
2075214726,ming_hong_0512,👹明👺
12374057,disnini,🎀𝗜’𝗺 𝗗𝗶𝘀𝗻𝗶🎀
9626999903,weikin2222,廖伟健
2090358405,ipsvipclub,IPS VIP Club
12015799639,docscalp,DrScalp
3972461864,a0922968391,kuokaikai
5783314986,stevens10049,히로시
363237473,matildegioli,Matilde Lojacono Gioli
321896554,chiarabaschetti,Chiara Baschetti
44667974387,sioldmonkey_motogp,西老猴
14997251594,kokogate723,✐ .Koko Chen ☽⋆ ᵕ̈
8635923437,voguehongkong,Vogue Hong Kong
327397219,chingchingb174,💜ℂℍ𝕀ℕ𝔾 ❤️ℂℍ𝕀ℕ𝔾 🇭🇰🇲🇴 只屬於你的女孩
2374468592,caeluswed,其樂斯婚禮顧問 CAELUS Wedding
1366943791,dolly.3535,Dolly朵莉🐟
1523727893,theproperpeople,The Proper People
189645474,thisisdanbell,Dan Bell
1582007805,en_070324,微微薇薇♡
2265049218,himel_drz,Himel Drz
13137960112,hilulubabe0929,璐璐🌸
7199250446,ladyqueen_store,Lady Queen 精品代購/批發
11863143,amyfeng_0512,Amy Feng🌺
393091800,o9.o1.fu,Fu🪐燃美人  可愛小代理🧸
584790932,technobible,Techno Bible
15708332,skreamizm,Oliver Jones
3207236869,krista_yueying,KristaWu
32454633,brenda.fabulous,Fabulous Woman | 我是Brenda
14686336285,carmina_wonderland,嘉雯不吃魚🐈
3140264632,betty_lin0902,Betty Lin ♥
44197621838,nmandeveningdress,nmand evening dress
8030160827,ipsvipclub2,IPSvip2
44810729447,lichao6666,李超（Li Chao）
435229556,greydelisle,Grey Griffin / Voice Actress
182746960,dantebasco,Dante Basco
41877560078,eat.move.vibes,只懂吃的人
5601835407,lun_11_18,Lun.
44721464586,txbeautymall,TX Beauty Mall
4249525884,kssayshi,Christina
7604742365,ling_yi_elaine,令兒-𝕃𝕚𝕟𝕘 𝕐𝕚 𝔼𝕝𝕒𝕚𝕟𝕖
4012061648,superman.6699,超人國際精品
44826505075,anneeee.0625,安妮Anne
261763943,nygiants,New York Giants
173939239,michael31thomas,Mike Thomas
44582540108,hkd1000.hair,染髮🥇電髮🥇挑染🥇梨花頭🥇耳圈染
1478733834,bins.studio,Bín’s Studìo
7836112123,bestieparlour,ʙᴇsᴛɪᴇ ᴘᴀʀʟᴏᴜʀ
1981657630,__iu1995,Jhih Yan
1477954694,lin_shang66,🥀𝓛𝓲𝓷 𝓢𝓱𝓪𝓷𝓰
21532115090,liannail.99,莉恩·Lian Nail
5473041493,meinouyl,李林彥 【凌彥】
16131491,lucaslucco,S A U D A D E 🧑🏽‍🚀
204958422,renan_oliveira_1,Renan Oliveira
424222401,viviankoomei,Vivian Koo 谷婭溦
4346867608,z06_hua,Allen Hua
592938146,bonbon925,范范范爺🧸6D皮秒 卸妝棉 膠原飲 美白 豐胸 Nubra
1346581207,queenlyun.___,Q͠q͠ ʏ ᴜ ɴ🧚🏻‍♀️
22724767893,mai_park.fashion,Mai Park . fashion ★
9644535302,_xiao.cai_,🥬小蔡歐美精品代購（追蹤享折扣）
8702612653,ilovehiitory,HIITory
635782456,drum_0427,鼓鼓 打鼓的鼓
13070115,hyndia,Rita Pereira
48621004,itsfannyrodrigues,𝐅𝐚𝐧𝐧𝐲
43144880984,kneighomn,邱韻
43833867943,15yu__maia,湯 Maia
43981319927,janinexiarong,Janine 夏蓉🐶
42935291198,magokunihei,孫國兵
43126778221,caylakurai,Cayla 位
43539151714,kan_maisy,康 Maisy
43962208199,arianne__tu,Arianne tu
43924549104,errolnani,Errol 何鞏
43105638856,autumn.vj,蘭 𝓒𝓪𝓽
215946414,denny77892002,Denny Wu
364424646,yichia_chou,Yichia⛔️➕
448092374,vancouverluxuryrealty,Vancouver Luxury Rentals
2308121160,weisyu,小流氓
23211202612,cat01.15,小貓｜𝑴𝒊𝒂𝒐 𝒚𝒖𝒂𝒏
44482211773,msmsbesties,MSMS00
10461737801,rebeaute.sharing,reBeaute | 正確護膚心得｜素人真實測試
336038588,theroyalfamily,The Royal Family
1837697688,joancollinsdbe,Joan Collins
43860184733,huredruick,葉 Felix
43833924455,lerre508,亞
44170501810,tietral_bb,Latoya wang
43828652202,i__lucas06f6q,倪 Lucas
43484118898,sofieshatama,Sofie 謝珠
43492678990,ebisu_wa_maryann,胡羽芬 Maryann
6075625606,west780824,富富
2298661,himechur.1223,cнυ 🧝🏻‍♀️永和𝕀𝕌
296883545,yihangtan.98,Yihang 🐫
44571329708,this_is_gao,我是誰
24388671,hokkfabrica,HF
180183516,joe_gatto,Joe Gatto
1487046487,impracticaljokersofficial,Impractical Jokers
44030456687,30xochil,薛 Xochil
44171670036,chohitoshiraju6b,張仁 Raj
43842890657,vernonhan1997tiapde,Vernon 潘 1997
11414091577,quetynn1217,
1602524823,zselinliu,小鹿。Ping
1512064138,charlotte_shasha,Shasha
292574685,gugubird1210,樂メ少
33961420,chu0106_320_128,
18973422827,insense.tw,品味研究所
7833301120,imamomarsuleiman,Omar Suleiman
12175580,hassanah_pfh,Hassanah El-Yacoubi
14326962038,madamefigarohk,Madame Figaro Hong Kong
44211974220,muriel__8__yj0qb,罗仪羽
959136422,huangyi.tattoo,黃毅
44046589756,kakuakira__xr,郭晶
1675888,alvingoh,ALVIN GOH 吴吉倫
44326371368,i._nnny,잉젠 ¹⁵
651392144,sweets.nana,🦋  𝑵𝒂𝑵𝒂羽彤  🦋
9446584724,yiiyee.hk,YIIYÉE
10167630877,mehditikdari,Mehdi Tikdarinejad
1547024170,imansalimi4,𝐈𝐦𝐚𝐧 𝐬𝐚𝐥𝐢𝐦𝐢 / ایمان سلیمی
43933179066,juithoomn,𝒲𝒶𝓁𝓉ℯ𝓇 余齊
43771913562,maggiefumiei,Maggie 史英茗
43565900502,chad_ashi,Chad 蘆
970112852,bbb.nini105,
38941748017,joeyxia0921_,彭小夏
1258157165,shjys._,♡ 林珊
4447579934,_myboooo,MyBoo 休閒自在的日常穿搭
511960883,xun.chen_,XuN Chen
18918467,theellenshow,Ellen DeGeneres
29416577,esterdean,THE SONG MACHINE 🎧
44039638483,o__amberly,王 Amberly
44037967181,minervamotosakaekly,Minerva 許榮🌱
13768845399,wweliang,妮可ww
44079577626,natalietaakatsuki,Natalie 田冰曉🚲
2265585090,ting_wun,Wun🐰Tattoo
43863302554,keerpoodged,亞姬🐼
52424703,yiii1_0ning,Yi Ning 依寧️
42002485420,aurora.yogawear.hk,A U R O R A  Έως
1957537613,johnnyyylaw,Johnny Law
364903833,gamecockfb,Gamecock Football
4571391882,israelmukuamu,Izzy 🇨🇩
2364882237,iiwarmsnore,蔡佳妮
8206670234,crystal_naturalhk,【天然水晶｜專營超七 金草莓 綠隕石 髮晶類 碧壐 】
190407989,janlovingit,Janice C
43637679984,34in_brennan,尹 Brennan
1523924148,_89.ting,樂🎀 OHNI·Es品牌高階領導人♡
43836357105,zuichere,𝕰𝖉𝖗𝖎𝖈 李
1378215435,kao_dodo,高嘟嘟
43995991263,duicoretch,Aaliyah 韓
43861802016,nanea__17zr,許新信
43850634970,doargui38,暢禾
40019603986,crystalshop_moonfate,Moonfate_crystalshop 天然水晶❥設計首飾
43861313493,fotry279,
44033506351,aqua__wu,菲婕
220683702,rommel_pacheco,Rommel Pacheco
2166731978,paolaespinosaof,Paola Espinosa 💚
43414334240,yorozucristina1995,萬 Cristina 1995
41364121,tealin421,茶茶
43979593860,go.shizu,伍靜
43404453727,colton__us,王 Gunner
43956093583,jakob.sue.1992,Jakob 陶 1992
247628411,karis.ll,Karis
1548611257,kameyang27,楊博欽
6347700934,selina_slowfood,瑟琳娜瘋生活💃S琳娜&E神🕺台中美食/南北不定食
393785103,pop.smarkat,Pop.smarket雜貨屋(2020/🌟🌟
44167081092,ribay004,李 Bay
43754511971,fuyu1603,楊冬罡 𝓒𝓪𝓻𝓵𝓸𝓼
29449761664,amaz.2020,Amaz🕸不專業語錄
1423346889,ashleytstark,Ashley Stark Kenner
1394943039,wtrwrks,Waterworks
432358742,yuan.1028,Yuan
41796552073,yanagi.zenmai,柳薇
2034512726,sunny.bela,Sunny🌸
1447189546,yunyun_912,𝓨𝓾𝓷 🥀
1307312939,diletant_media,Исторический проект
2246517703,synchronize_art,Синхронизация
11938910406,xinxinpppp,
1488017504,zeng_861114,耀德
42996085464,xxreehkong51,2
11179385363,ggfly_pet,GGfly
2097139489,wanganna_00,文明的王安娜
2094200507,virat.kohli,Virat Kohli
368908448,kiaraaliaadvani,KIARA
41613746093,81ritama,李玉瑾
38451803907,kncoshop.2020,K&CO嚴選頂級精品©️
5590387896,_0965065763,_
1133921632,guan_0713,小冠
41214437892,theumairds__,歐尚溓🍕
8166354377,lavia.tw.official,Lavia 輕水合
41790395939,tonoboru,王登 𝔅𝔞𝔯𝔯𝔢𝔱𝔱
35990157,yana.nggg,𝑌𝑎𝑛𝑎 𝑁𝑔 | 香港包包面女生🖤
41802937729,take.877,吳竹
39022546891,fu2die,FU2Die
1245455472,lovecolorbar,Colorbar Cosmetics
2215846011,facescanada,Faces Canada
39883107750,parc39_bar,PARC 39 酒吧
725531942,ju__ying,❣️曾小愛（Sona)
2229733816,chococo0729,💥🍫巧克克🍫💥
31097189746,angelmok_shop,獨立小店～招代理/批發商
7487683748,seayouhk,多元海上活動體驗平台 Yacht & Activities
296785153,allumkopcentrum,Allum
1558355708,kavli_mjukost,Kavli Mjukost
39649867277,cooca332_,Austin 王
621285269,seika_boo,seika
38696895199,serevairmn,Rafael 李
4583788013,tomed_0318,Miller
38302559297,warabe_nancy,童 Nancy
869748217,_.damon.wong,冠南♡
246556557,adrianna.theprincess,𝐀𝐃
38823023958,boajair_,可
21175038110,poll.y50,本質Essence
595735312,soneraytacofficalx,🎬Soner Aytaç🎤
228048017,tune2tunde,Tunde Oyeneyin
24033346,allymisslove,A l l y  L o v e
40367065679,wangda.88,Wangda旺妲風尚
52485059,ballqueen,Fanny Sieh 薛芷倫
1086405796,oxoxoxox_0722,嫣嫣𝓨𝓪𝓷
1274854221,ccom4_17,社会我欣爷💫 ㍿
337257510,michaelfcstudio,Michael Chung
3722468198,s.feiya,蘇菲亞
1219292481,freepeopleaustralia,
39490134267,da_84.0806,Da Da🦋
254430113,showlo,羅志祥 Show Lo
356984764,elislamm,Elis Lam
209301948,sunnyywangg,Sunny W.🥐
9133194401,d.skinsolutionscenter,專業為您訂造專屬的皮膚療程 - 元朗美容｜旺角美容
40633925577,saku__337,策
20998958,justmike,mike.
10660297,pleasestayover,❤️💜💙++++🧡💚💛
2113811022,seandurzi,Sean Durzi
2957218598,manu_vunipola,Manu Vunipola
599380905,_yuxin0214_,🤍 𝓧𝓲𝓷. │ 凱睿企業負責人
55957435,sharontao,Sharon Tao
584248328,dy0220,魚仔水水
40191882089,bennie__shu,Bennie 周
480078447,qqhua_1029,愷咪kimi 🐰👸🏻
40206193303,tatsu__89,於辰
8051101676,eternal9958___,弘
1579708589,jiang.316_,Jiang👩🏻‍⚕️
40372971318,azusa948,曹梓
39552663570,nki.isg.shop,nki.law.woody
51104149,officialkareem,ΛL KΛREEM
32794376337,pipir_rrrrrrr,Feng
328842335,sonson0810,森森   美少女戰士Sonson
40587956894,kakutsuoswald,郭津 Oswald
40329319175,tarot__galaxy,𝒢𝒶𝓁𝒶𝓍𝓎.𝒯𝒶𝓇𝑜𝓉
1444464878,ccboutique_hermes,任性的買 CC Boutique
653803283,miao.622,柯妙妙
6703844190,diorama_music,diorama_music
1410772719,ashburyheights,Ashbury Heights
9386600563,qqq0209520,🌹黛西🌹 ❥認真賺錢❥吃喝玩樂❥旅行
3679529614,igeometry168,團體服台北/桃園/新竹-幾何學團體服官方IG
345876409,jacky10721,🦁️吳小獅️️️️️️💥
1701243665,hong__0311,
1474120253,kafadergisi,KAFA Dergisi
506332992,uykusuzdergisi,Uykusuz
23935588,wusami,兔美 Wusami
523571800,yingyen0806,張妍 沐昕CEO領導🏆黃金速纖凍經銷
1986925503,dorayaki_cattery,British Golden Chinchilla
24998010582,joanmakeupbrows,JoanMakeup brows 半永久化妝。眉。眼。唇。
5797911199,lalabobo_love,蘋果菈菈
5962602273,s.a.p_shop,💎S.A.P 潮流💎 阿莎力兩年老店
3193855,mrporter,MR PORTER
6643604506,hillcityofficial,Hill City
294140793,letsgocrazyjanet,鄭叻的快樂小遊記🌞 Blogger  Micro-KOL
38041407552,gama545777,林南成
1355891088,m_br224,奕翔-Brown
39159551459,kk_crystal_shop,KKcrystal靈晶閣
4317961182,sharonnnlam_,𝐒 𝐇 𝐀 𝐑 𝐎 𝐍
40029705,fionjenny,楊 羚 FION
4372253403,overheardbumble,Overheard Bumble
52931658,hinge,Hinge 🖤
33303808533,xcb_t_j_c,xcb_t_j_c
39518338118,ko__miranda,高 Miranda
813504909,kenny_mpalace,kenny ✂️ 接髮師 /男生髮型/女生髮型/燙/染/護
247704441,nini.xx__,霓♡
9773296585,julymood_,
39652572403,lensismore.co,ʟᴇɴs ɪs ᴍᴏʀᴇ || ᴄᴏɴᴛᴀᴄᴛ ʟᴇɴs ☌
4035087008,p.yopppikooo,yoshiko
647542620,birbigs,Mike Birbiglia
15355887,braunger,Matt Braunger
39029759286,akatsuki.oj,霆曉
4214207827,popeyesliu,劉大軒
39857449225,putoutofbusiness,
6441924011,ti124._,緹妃♡
6859824716,papillon.tw,Papillon巴比龍國際精品代購🛍實體專賣店
1528380034,s.berry331,𝕊.𝔹ё𝕣𝕣𝕪☁️草莓
11219680835,savethereef,SaveTheReef
47364559102,zhiiigi,GiGi
2618684,forever177253,江宜學（婚禮攝影）
419955242,snowbabyq,蔡瑞雪 SNOWBABY
5453794356,mx__1024,明賢
375678525,jack6868tw,劉柏廷
11624559026,vivianxx1024,Vivian
2217997249,espnchile,ESPN Chile
4614433886,megadeportescl,Mega Deportes CL
1700194513,shao.yu_911,紹宇
4913892428,sweetywen122,甜心雯雯❤️
4181644497,tattoo__sherry,Sherry 雪莉🖤
591810599,hsiang_5208,連晨翔©Simon
352957677,angratien,AT Image / Angra Tien 安哥拉
3197559,maggie_chii,瑪姬日記 Maggie’s Diary
47172060201,nani__mayuzumi,何黛
208437972,carolinaherrera,CAROLINA HERRERA
624313652,benetton_mexico,Benetton México
43854204195,kemi5546,Tom Lee
12615630651,guosoon_597,國順
302177661,joanpong_515,彭聖恩
9277583109,tw901173,大萌妹子
1779417057,5413.love,33💋 𝓝𝓚特約品牌經銷商 ✨
47290735231,laigeds,Benny 郝營
47007826677,funny_time_bokiii,笑了就追起乃😂｜搞笑爆笑｜梗圖｜語錄｜有趣
202221480,rayj,Ray J
1117653685,sonjanorwood,Sonja Norwood
45852747307,chertruing,Adele liu
39730611316,ncipharmatech,NCI PHARMATECH
39945238252,shinybeauty.store,Shiny Beauty 眉亮堂
46411452375,yjwen87,林凯恩
370261145,yy.lingling,lingling
1469958207,yusin7zz,♥️
45131372682,mia850868,SIMPLEPLAY
30003879367,le_football_de_notre_enfance,Le football de notre enfance
21365260858,proximussports_fr,Proximus Sports
551402423,yohomallhk,YOHO MALL
38514422806,samsung.taiwanesports,Samsung Taiwan Esports
240476290,dufi_woolala,Aimee🐶
6119813507,vivian__1114,ᵛᴵᵛᴵᴬᴺ
222581511,icy.wong,icywong 黃婉曼
208413083,minnie_ebe,𝑀𝑖𝑛𝑛𝑖𝑒 𝐿𝑒𝑒 ❤︎
46468052763,xuan_1oo4,🌹Xuan🌹
8062930417,prefeitoronivon,Ronivon Maciel
286495390,vicentinhojunior,Vicentinho Júnior
2321743136,zh2407,恒恒琪琪
40009934193,lele114514,lelelele
45907369290,lsg0423014935,老司機手機店/公益店
11918159682,amazon_hotsale_supplier,Jacky Liu
315531065,5400wu,吳速玲 Shuling Wu
44792214166,momo072141,默默兒👶
46285684486,ayomi_521,Luxury  lisa
282158978,josabank,Jos. A. Bank
13534166536,lavazzaca,Lavazza Canada
26320042153,stephen.ng.photography,Stephen NG Photography
8380361685,skybing_la,Bing Luo
4340260538,bowenkwokpokwan,Bowen Kwok Po Kwan
364525029,louisamansze,❂LouisaM❂萬•思•敏
6038516140,pchome24h,PChome24h購物
7731575499,supa_maggie,Maggie涵宝
8477866159,bingohk_foodie,𝕓𝕚𝕟𝕘𝕠𝕙𝕜_𝕗𝕠𝕠𝕕𝕚𝕖(食好D)
1531318532,portugal,Portugal
1585998438,nunoseemee,Nuno Agonia
5694299090,sandymandy_official,sᴀɴᴅʏ&ᴍᴀɴᴅʏ
45238434241,hkcoinmaster,Coin Master 香港總代理🏅月售1000+
45781183594,lady78.03.02,辣媽運彩💋
1075738742,rockflower666,rock flower / 岩小花 /花哥
7570077866,niyu.61,王渝 YU
44288753293,yi.tarot,易塔羅•香港易經塔羅占卜
39606363061,gold688999,百家樂總司令
13473281869,chillfitnyc,ChillFit Rave Outfit
28995773,bleacherreport,Bleacher Report
3644849401,nba2k,NBA 2K
45320994509,kevin_williams586,Kevin_Williams
502540320,sam3246266,中古車加兩萬賢哥
46711162505,tofu05666,藤原豆腐店-逆向過彎彩票品牌
4281224331,byronmann1,Byron Mann
5589655968,amanda_lin0119,Amanda Lin
7390597211,andy__ysk,Y S K
39621947272,selftrainingfa,中華民國自主訓練健身推廣協會
51487754,bahachingi,Chingi
1330847904,shrutisinhahaha,Shruti Sinha
1954766520,theanshumanmalhotra,Anshuman Malhotra
679053543,carollinya66,carollin.tw (卡琳)
242904832,wecouldgrowup2gether,kwannam 鈞南
970099625,small.tee___,Tee-酒國女英雄🦸🏼‍♀️酒量如海 / 副糰掌🥂
45070995049,cristianoking6007,HiChris
46184730074,wonder_life888,WonderLife 全能生活旗艦店
2109767693,meinuoliu,美娜 劉
37000198367,skillano_beauty,Skillano Beauty(003118417-H)
450599375,doryzhao1108,趙趙♡
3905732985,hpbsg,Health Promotion Board
8668357400,sghawkerculture,We 💛 #OurHawkerCulture!
25719710548,chris.art4real,Chris 克里斯
46604154561,yusi.28,希希
45402468916,dora_918s,舒壓按摩師𝒅𝒐𝒓𝒂 ♡朵拉
45926698330,nourqueer_,Rabia 楊
45861192666,ff.com.tw,Financial Freedom Selections
1443682757,misss10233,𝙻𝑖𝑙𝑦.喨
45767880945,otadashichantelle,王儀 Chantelle🌸
26622116,revolve,REVOLVE
4682001,raissagerona,Raissa Gerona
313850679,lkk_chu,ʚ ᵞᴱᴺ ɞ妍希🤍
46252187597,wmqq68aa,Caroline
331492024,wzhsu,碗蒸🍳 <婕樂纖授權高階總代理>♡︎
227911012,sxlxnxq,Selina
6647778303,xuan_sunny0223,何芸萱
2050522436,eenee96,Энхчимэг Батболд
7817050320,jamie.redknapp,Jamie Redknapp
647418640,aflintoff11,Andrew Flintoff
3119968978,____nk.18,"小峰   ,, 𝓣𝓪𝓲𝔀𝓪𝓷  🇹🇼"
19234923382,a29875578,小陳經理0989-599787
196476874,veron_c.vt,VT♐️
20802829,woohoo.1023,Woohoo
745581314,djuna.tw,DJ UNA Taiwan🇹🇼南島女王👸🏻
46221761155,big_manman1016,Shek Chun Man
1755699098,itspokwang27,Mayette
21546170,miriamq888,Miriam Quiambao-Roberto
870692850,qqq840323,Yu
181313386,tz_139413,周子婷 / Elvira💫
5800954103,lenahsiao5477,77🇹🇼
326400234,eric919_ig,來吧BB大作戰丨攝影師Eric爸爸丨E.C. Photo
344585014,delia,Delia
42105444,antonia,•AntoniA•
45815922354,vacadordio,Vacadordio official
40776376255,superbamashop,Superbama日常小店
347028012,1023ashlee,𝔸許莉
45494524737,shuiyun.jewelry,水澐 SHUI YUN Jewelry
40711909571,belle_love_jewellery_hk,貝兒珠寶
1056982577,angellove80115,🖤Donkey 驢子ㄦ🖤
1171860470,loveandflair,LOVE&FLAIR
297308539,shopatbanananina,BANANANINA
3860139238,ju.0121,JU
3305230410,x17.2821,翡 👸🏻
235005191,annaknightlyyy,Anna M. Yen 🇹🇼🇺🇸
271721560,bei_jhu_,鋇鋇🐬
1325424123,_wang._chih,Wenson.王志源
336689270,mialechen,𝓜𝓲𝓪
225213372,keven4248,🚀Keven/Brian Huang™🌏Taiwan🇹🇼
532382749,cen__yen,妍
7013409,cats_of_instagram,Cats of Instagram
262984649,sophielovestuna,Louie
215757039,karenchen0728,Karen Chen
11856706,imcc.425,陳彥希🤍CC
479242823,daniellee0306,李岳
746890335,bakw_005357,
495346857,mr.k.1105,Kurt Ku
22187594060,uuunnn.i,悠妮同學
20352627,azcardinals,Arizona Cardinals
1510332908,karlosdansby56,Karlos Dansby
11709247534,zhu_0222,小豬
42497875544,halloitsbeasttt,지에
307738027,jungleman0824,Min Brand
45006558551,astaiwan,星越美學保養品
253496789,maggie_song_mds,SONG DUO
1338483574,yan_yanerh,言言ㄦ🌺Uni
43989375656,xin0609__,芯
5547031270,liewariko,Liew Ariko
469287600,superleaguerl,Betfred Super League
332171303,snozzer_gale,Luke Gale
4525330842,wazaiii,Wazaiii
590843950,jhaoyu1207,妤妤Claire💕
527718789,max_wild04,Wɪʟᴅ
7134433564,mingkaihsu1357,
8661003592,peipei5416,ʜɪ我是佩佩♡愛吃 愛玩 愛拍照
287989107,jasmine__9331,𝓳𝓪𝓼𝓶𝓲𝓷𝓮
45653588581,popocat.hk,在職四寶媽♥️家有四寶貝 👦🏻👨‍🦱👨🏻‍🦳🐶
46335750,dojacat,Doja Cat
10804471,ashnikko,ashnikko
1089268936,keelongxu,展榮 Keelong
45325361982,hl._.shop,韓國服飾專賣店
3627308646,dj_ginta,DJ GINTA【Candy Foxx】DJ銀太
307793394,tzuhsien_1020,Hsien Tzu
792071194,harubb99,女王
6256808226,dj_maru_,DJMARU【Candy Foxx】
4754296678,djfoy_candyfoxx,DJ Foy 【 Candy Foxx 】
26957321,themariahrussell,Mariah 🦋
24733674,genessyc_,Genessy Castillo
44907188722,style_clothes213,𝓗&𝓨|服飾｜超便宜
1138603,karen68_____,
45473866077,eelllab.shop,e e l l l a b
45486989884,yuxi_0221,禹熙🥀
44418365421,studio_candyfoxx,【Candy Foxx】
5328961339,jamesishandsome2016,哈林體育
1011996539,mg_waki,DJ WAKI 【Candy Foxx】
6065519556,0604.shan,•小萱소훤•BTS방탄💜•
458056680,arnaudsoly,Arnaud Soly
374848838,deadobies,Dead Obies
259880950,rose2.29,
45370713584,lfk686,安迪
7714020709,grindyherb,Grindy® Tea Taiwan
2513918306,flower_8091,花點點❄️ELSA的母后
1047767474,vshan__,
410406332,achan_angel,Qian
477897317,corrinebaby024,雙寶媽咪👭🏼荳子&花蕊🌸奶精-李玟儒
7855215738,hakanhanozcan,Hakan Han ÖZCAN | 🇹🇷
1629262659,lokmanerturk06,Lokman ERTÜRK
430242058,_shiling.40_,士齡😯✌️
1252521197,fat_shin,林宗賢
3251802816,rita.__lin__,🌺🌺🌺   Rita Lin🌺🌺🌺
4766323272,weitattoo9788,WEITATTOOs
34875898687,martian_store,martian store
45456117145,tarot_shun,隱者｜塔羅。
3318016761,jackchiupt,Jack Chiu
303502471,pridebodyboards,Pride Bodyboards
501293232,pierrelouiscostes,Pierre Louis Costes
533152525,dragon_0929,山本 靖也
232201499,asanogonza,淺野經雄（社長）
1735230703,flyingdancestudios,Flying Dance Studios
22731406560,lanxi_w,蓝溪
38919865745,holygaw,HOLY GAW
1326030912,db_0512,班尼
6013442767,workout_fit_gym_bunny_chuchu,健身女孩 Chu Chu
346619741,ajuvarghese,Aju Varghese
50462947,official_ashwinkkumar,Ashwin Kkumar
648182882,simplyryna,simplyryna
437319337,love.7uu,7uu🕶K
4348514000,yenfavour,Yen Favour
22185298888,tsai_shen_,蔡慎國際美胸
8059527635,bad_shoes_urchin,Simon Peng: BSU潮流店 潮牌店
44743164954,chinese.culture.share,chinese culture
2790929535,a837206,賴振甫
1374670601,__huici,𝑯𝒖𝒊 𝒄𝒊 𝑮𝒖𝒐
4527256137,godesignsinc,GO Designs Inc
308526565,rafaelanchia,Rafael Anchía
3021897561,_felix10.8,俞逸華
1565642208,master_cloud_,雲文子 Yun Wen Zi
2197523006,so.h2ii,
4013796145,2f_since2017,二樓國際精品
1584483325,angelip_makeup,Angelip_makeup新娘化妝師
26174445887,playonepls,公弈online
461993311,ritakuo1110,Rita | Laëtitia
28902942,gopro,GoPro
20161462,oakley,Oakley
655147370,spelledit,spelledit
45084794983,follow.fffans,買粉絲買讚網紅熱門漲粉增粉互宣
1894940,jasmincy,Jasmin C.💛
392408093,wu.06233333333,
3607586448,pink40282,小柔 🌱🅺🅰🅽🅸🆂總公司授權總代理
1142443442,bearbaby_815,❤️喬昕兒
45607144275,follow.fans.f,漲粉專業粉專
237092038,starbucksindonesia,Starbucks Indonesia
1798251970,tokokopituku,TOKO KOPI TUKU
589596169,tino07133554,Tino Lin
4120190,b5413,𝒷𝑒𝓇𝓃𝒾𝒸𝑒
217218397,t.ammy.c,tammy ♥ 米
477695445,abbysthuang,Abby Huang
9615571490,ijustcookit,IT的廚房生活
304612421,michellaccc,Michella Choi
46462033,tobiashans,Tobias Hans
5761146229,fdp_saar,FDP Saar
44979420817,selflove1314,Amy Liu
23211202612,cat01.15,小貓｜𝑴𝒊𝒂𝒐 𝒚𝒖𝒂𝒏
634603638,kayc_makeup,KC｜新娘造型師｜韓式手工霧眉
5661522077,ink__apple,染髮達人黃 蘋 apple ♡︎
41935555754,1001n.store,1001N.Store｜一千零一夜韓國時裝
637744411,ink_duke,台中一中Ink hair_店長Duke
12374057,disnini,🎀𝗜’𝗺 𝗗𝗶𝘀𝗻𝗶🎀
701354454,ink.hair_1,Ink-創辦人-kin
203189349,lioumonn,劉芒
98546,millyq,MillyQ
1610731927,misselinelin1010,可可婕埨
40028517511,salon_code852,SALON _ CODE852
832044468,lynn.0s,
424222401,viviankoomei,Vivian Koo 谷婭溦
558778150,small_ni_8,小泥巴🧏🏻‍♀️
325698971,helloguitar,曾小新 🎸 吉他小新
206652828,_1.5.1_,151
44401385170,shan._nails,Shan泫//nails//美甲//美甲教學
717939882,thomasramdhan,𝔗𝔥𝔬𝔪𝔞𝔰 ℜ𝔞𝔪𝔡𝔥𝔞𝔫
371887038,_bondanprakoso_,Bondan Prakoso
183608447,marieannie_,𝑀𝑎𝑟𝑖𝑒𝐴𝑛𝑛𝑖𝑒
1369484978,summer.319,Summer台中髮型設計師
44680285204,madamenaomi,Naomi Aunave 劉依娜
16965066358,onlyyu__,OnLy Yu韓女孩♡
529947326,w17_claire,◈小可◈ 𝕔𝕝𝕒𝕚𝕣𝕖
44814050509,berpe.5502,高 𝕃𝕖𝕚𝕒
41128655846,maomao9.2,MaoMao♥️ ✿Ⓜ︎ⓁⒺⓃ米蘭軟磁睫毛✿總代理
7199116,australia,Australia
13751883,tropicalnorthqueensland,#exploreTNQ #explorecairnsGBR
44818258899,luxelash_1,繆思美創-美睫紋繡
1792643269,joan_0510,Joan Yang
8599988950,leadingace,LEADING ACE EDU.英譽教育(Official)
44774280490,sugarhills2020,Sugar Hills 飴山
44766408804,dorothy.select_,🅓🅞🅡🅞🅣🅗🅨 桃樂絲 🧸
5368419508,chreylx.l,
2097731344,nunu_studio_taiwanpatty,【Nunu_Taiwan】누누샙韓國學院台灣分院
7463410944,kunchen1101,
1040769919,dafina.zeqiri,DAFINA ZE🕯
199762683,eraistrefi,Era Istrefi
44289574506,double__2p,𝔽𝕒𝕤𝕙𝕚𝕠𝕟 x ℂ𝕒𝕤𝕦𝕒𝕝 𝕎𝕖𝕒𝕣
217778521,qbalice,Alice Lee Yen
3153889383,ting.09.07,ting ting💓
7132280235,kel6241,
2090358405,ipsvipclub,IPS VIP Club
44775726244,coin.gag,coingag
266861658,sheryl_leung,Sheryl Leung 梁雪瑤
7048334202,_missqbeauty_,🅜🅘🅢🅢.🅠 🅑🅔🅐🅤🅣🅨紋繡｜美睫｜角蛋白｜除毛｜教學
178852864,flex_lewis,Flex Lewis™
493766560,josh_lenartowicz,Josh Lenartowicz 🇦🇺
2545453554,shy_fotoz,宇
1726634182,zimin_comedian,子民👁‍🗨尷尬搞笑諧星👁‍🗨
44780802519,dk1213.club666,百家樂｜分析師｜吳浩哲｜運彩｜娛樂城| 首屈分析團隊No.1
217224408,jinni0911,金妮Jinni (Ginny)
8030160827,ipsvipclub2,IPSvip2
2680373385,ning0530,✨优比💕
1264146493,josh_k_nathan,Josh K Nathan
8989518209,bombgogo,
438269695,sport1news,SPORT1
2922012515,welt.sport,WELT Sport
43869825148,sentes888,盛特斯【貧窮致富網路商機】
1553203068,k7bang,根祈彬☀️K7Bang
44791600373,rabbit10_16,陳🐰
1439962352,circle_sportswears,𝘾𝙞𝙧𝙘𝙡𝙚.
253919481,yxngcher,CHER 🖤
1642487137,huangsihan.0216,涵涵
33790412,liluzivert,Marni Life( NO STYLIST)1600
43504955,dcthedon,Daij
42785034107,vanessabulubu,V.A.N.E.S.S.A.
194680625,7th.september,Evelyn Sung. 諾瑤
9654866010,change.u_clothes,Change.U
544500829,__chimeng__,
11603657160,davey_huanggg,
44448474364,co_co.tarot,Coco塔羅占卜🔮
398540673,tyler_hohoho,Tyler/ 何星冉/ 하성연/
6455751921,germanembassydublin,German Embassy Dublin
3231918160,khombisagermany,German Embassy Pretoria
43654633025,tessqiulwecg,Tess qiu
39993119805,oku.kin,彭億金
43647721806,hayashiiimoto,林伊妹
1593557,julinaribeiro,𝑱𝒖𝒍𝒊𝒏𝒂 𝑹𝒊𝒃𝒆𝒊𝒓𝒐
431773161,fin_hair,fin hair Andy｜台北中山區美髮｜中山區髮廊
40862201361,thai_hohin,泰浩軒/泰國聖物 佛牌 泰國法事 愛情和合
320335926,mi_an,安安 ᴀɴ-ᴀɴ 👽
36487531416,db_filmsesh,
14454963,mojotocho,Jack Tocho
42045502417,isamu5479,勇
1561795507,mi.qi.5070,鍾米奇（宛融）
1481755920,eki00000000000,LIU JUN 刘筠
33369194125,songjiang14,簡添財
13546463488,mochis_artstudio,Mochi’s Art Studio
1449238387,larmoiredesoso,Anne-So
472705107,clemenceandanna,𝗖𝗹𝗲𝗺𝗲𝗻𝗰𝗲💜
42042702917,teiuguisutessa,鄭鶯蓓 Tessa
40007979881,paykneats,吳春先
43111077764,gualghertch,𝕲𝖆𝖞𝖑𝖊 𝖘𝖚
3606983125,h.y_wang,ⒺⓃⒶ ⓌⒶⓃⒼ
4275188971,amwaytw,Amway Taiwan
30965182659,dal.ziels,Dalziels
145004964,yuyuzzz,yuyuzzz
43293421824,eki_hana_arianne,易華 Arianne
43704272014,shore.2925,胡昭舒
9262242673,funguitarofficialhk,峰弦峰語 FUNGUITAR
43896157461,miyagawamina.outlet,Miyagawa Mina Outlet
29207996930,jimmyandtam,Jimmy and Tam
7304023712,normandjess,Norm and Jess
285391248,xiaojing820314,靜💕Mita
578772870,doris_0605,🎠Doris🎀
43747509424,cute_dolphin2,Cecilia
506536476,yu.8z5,ᵞᵁᴺ｡◕‿◕｡
8618554665,chchu_m,朱
462752227,porsche,Porsche
1286685377,volvocarbelux,Volvo Car BeLux
43998931731,mago.rano6e,孫蘭爽
1936052998,yiiooi,Yii Ooi
4657782092,1015_nelson,𝓛𝓷𝓬（17）
358017602,tzuhsuan.chan,詹子萱 Tzuhsuan
1708768294,felicia.tingting,
1720788588,ucrnacional,Unión Cívica Radical
6686635984,jrnacional.ar,Juventud Radical
43602571950,fn__so__moto,蘇素茗 𝒥𝒶𝓎𝒹𝒶
42926933216,carissa__shin,Carissa 秦
43622197510,xurejoar__dj,琦紈
1679606355,summer06_05,Summer 林佳辰
13846098828,1997.04.19_,中壢鳳梨🍍
42212836137,hair_jony2,Hair_jony
43700962818,klausridaka,Klaus 李豪高😽
27181358802,thefound_official,theFOUND
38051404006,tryit_tw,Try it Store
39325645622,artx_gallery_,ARTX Gallery
42913085618,chin_kiyoshi_alondra,陳萍潔 Alondra
298124568,samsmith,Sam Smith
351628309,iamrilan,Rilan
43391680234,tsuya_destiny,顏艷 Destiny
43367605954,lyu.megumi_,劉瀅惠
33226032022,haha_food_store,霞姨食材網HaHa Food Store
34705392264,luispl213,luis
7933282431,koko_bank,KOKO數位銀行
1383385442,sammy_o9o6,sammy💋
43141790712,vickie_ss,
43954256225,nin_hisashi,任永
43781168443,lief.9247,龔馳溪 Lief
43725414861,grant.59,閻 Grant
43367491397,wallaceinaga,Wallace 殷騰
38677111792,hair_jonyw2s,護髮專家 良心價格 以髮質為主的（90後髮型師）
43170701755,gissellelyuyoshi,Gisselle 劉莉淑
10466546002,governorjanetmills,Governor Janet Mills
1554107246,chelliepingree,Congresswoman Chellie Pingree
43697918356,seukai_,𝑽𝒂𝒍𝒆𝒏𝒕𝒊𝒏𝒐 𝒔𝒉𝒆𝒏𝒄
43128806832,chin_kan_meredith,陳蓉寒 Meredith
42659283332,stella1992k,Stella K
997339290,uucaiqq,yuyu  cai
43121934038,ghowtoats,迅城
43148772858,qqweqqwe520,Kelly Sioh
43321948888,lamont__ken,Lamont 袁憲
38522838652,acb998875,球球🎈
278410846,isthiseli,𝗘𝗟𝗜
367239108,harissongs,Haris
273374192,na.c_tw_nicole,Nicolë 💎
207607461,tung.915,丁忻彤
2178480507,yiwen_8945,陳奕文 𝓒𝓱𝓮𝓷 𝔂𝓲 𝔀𝓮𝓷
526603921,bobo_1019,胡貝寶🎈BoBo
12124138077,tattoo_cat19,Samantha🐱刺青貓
248214800,chum1045,CHUM 104.5
1741679150,981chfi,98.1 CHFI
8592333016,kitten_mimi_u,Mimi小咪🐾
1417357441,kiwi1224lee,🧜‍♀️
436773261,ab.bb_423,🐅小老虎ᴀʙ
3677244384,claudiadiaa_,𝒞𝓁𝒶𝓊𝒹𝒾𝒶.🤍
9122711,markmcmorris,Mark McMorris
25096020,mikeyciccarelli,Mikey Ciccarelli
36819545913,1221.lch4.0,🇭🇰Kyle 💈漸變💈挑染💈漂染💈直療💈電髮💈耳圈染💈
1198698009,maoyuanyuan__,毛元元
2007085858,chyaulin,Chyau.TW🇹🇼
249901386,0211_v,🌸嗡嗡
8010651117,ervinfitness,Ervin 恩霆 健身教練
1899152,lanai,Lanai
703686906,chefsamchoy,Sam Choy • Godfather of #Poke
6228138862,sundayzxy,Sunday Zhu
42767189306,the_firstfresh,領鮮一家
42620533480,atticus__r,牟尚
1472037302,folococo,
4690694532,xuanxuananx,Weixuan Zhang
2190416259,szoboszlaidominik,Szoboszlai Dominik
1918253351,balazsdzsudzsak7,Dzsudzsák Balázs
6365323675,cherry0227makeup,楊士蓉-櫻桃美咖  |美妝 | 保養 | 新祕 | 烘焙
42588275289,foujoo__,於 𝐌𝐢𝐭𝐜𝐡𝐞𝐥𝐥
39736722955,essential.oil_log,Amy's Oil Life sharing
195033614,miffylee046,miffylee046♈️
2319955227,salu_1.28,游廷碩
6333663331,chiudiary,邱韻文
2031017144,lovindubai,Lovin Dubai | لوڤن دبي
593024417,entertainerdxb,the ENTERTAINER - Dubai
3285838633,tsai_cat,🐱𝒞𝒶𝓉 💋𝒯𝓈𝒶𝒾 🍀（👜小香皮革22吋創始人）紙袋包
1208780263,ivy_031127,謝雅如🎀RÜRÜ
365599183,ccdaone,Lynne 裴彥熙(雨玄)
8274722212,corner.n_nail,Corner.N
269443766,linkarii,Kari Lin
41427689574,newoarck,李惠
36055477426,kelly_0628_,林菲🧚‍♀️🧚‍♀️🧚‍♀️
457997023,cbvolei,Conf. Bras. de Voleibol 🏐
345809701,wallaceleandro08,🎱Wallace Souza🎱
18372355,australianopen,Australian Open
281101007,cocovandey,CoCo Vandeweghe
42038075,kk0819,Cool
40778309705,kamakama_2020,Knco Studio派對道具©
10178500362,vvmmchii_216,Massie‘s 瑪西
38451803907,kncoshop.2020,K&CO嚴選頂級精品©️
38283790673,koko.capri,Koko Capri
498183040,yixuan_327,1萱
41867612811,heerhirck,𝕭𝖗𝖆𝖞𝖑𝖊𝖊 陳秋
635332637,deptvetaffairs,Department of Veterans Affairs
204943923,wwp,Wounded Warrior Project
41623132010,ni.0112,
7944354831,all_english1994,戴爾美語
7487683748,seayouhk,多元海上活動體驗平台 Yacht & Activities
5423318216,e3salon,E3高雄  美髮沙龍設計TOP
501296784,c.l.t_aiiiiimm,
368348429,amisningc,洪甯熙
41216053637,thoocayng__,Marshall zhao
17288621,steelers,Pittsburgh Steelers
177557481,chukss,Chukwuma Okorafor
1146335565,ya__0804,馮雅雅
349417140,anibodalu,🐲 Anna Tattoo 🐉
2075298181,chichi_yen,琪琪💋
618677284,ting_ting_juang,𝓣𝓲𝓷𝓰𝓣𝓲𝓷𝓰 𝓙𝓾𝓪𝓷𝓰
37739165271,skycityy2k,SKY CITY Y2K
1161353543,urnotchrislee,李宇春 CHRIS LEE
41313157642,0168.tw,RIO ◡̈ෆ
32895973546,israelinitaly,IsraelinItaly
28091472939,israelinukraine,Embassy of Israel
387219257,jenniferyeung94,𝕁𝕖𝕟𝕟𝕚𝕗𝕖𝕣 𝔽𝕒𝕗𝕒
47541041318,15__patrice25,趙 𝕭𝖊𝖛𝖊𝖗𝖑𝖞
4793421126,vinniebeauty,台中美容/紋繡/除色/美睫/除毛/美甲/美齒/美背
2998036150,sabrina_lai_lai,Twins愛美工作室/台中霧眉 /飄眉 /霧唇  /眼線
20058535220,immargie_music,Margie_ Music_ foodie
3082174869,hsuolivine,台灣日新犬舍 olivine of FCI
1536503023,jms.allson,Allson_Jms公館店長｜日系燙髮｜歐美漸層手刷｜京喚羽
232192182,therock,therock
52519467,ursulolita,Úrsula Corberó 🐣
13989937610,vitachou1992,Vita
47141341785,mr_xiao0jun,Mr.straight
440461,patriziayeung,Patrizia Yeung
46517406121,marketgirasole,GIRASOLEMARKET
792071194,harubb99,女王
436773261,ab.bb_423,🐅小老虎ᴀʙ
47543354349,korbeauty_store,Korbeauty_store
4640926138,gibsonswhisky,GibsonsWhisky
466751680,shumin518,嘎嘎
1248522687,maleahhair.co,Maleah Hair Extension
37000198367,skillano_beauty,Skillano Beauty(003118417-H)
181332181,sugarxxsugar,ㄊㄊ
20275715216,_tongban.i,🇹🇼🇹🇭Miss Kamonchat·chen
46829185288,hata_hokosaki_eden,秦鋒繼 Eden
44772885983,je.prefere,Je préfère尖沙咀日式美甲美睫Salon
3256837664,orangevikings,愛媛オレンジバイキングス
327372083,bataacorn,keisuke takabatake
45727656303,amberhanakira,Amber 潘昭
38664613586,skylines_taiwan,SKYLINES
8733113229,iva_sug112,孫雍智 Ivan
8726392155,alex__morning_star,Alex Chen
1509980163,tonikiyo.x,粉紅惡魔.ピンクの悪魔
5631960627,x.x.x_ni,羅妮
46885656809,itschih_,之之
1177021427,taruntahiliani,Tarun Tahiliani
1499678749,azafashions,Aza
7161988808,dj.money.hair,DJ🎧Paimore🎼髮型🎵電髮🎶曲髮🎙️染髮🎹挑染🎛️漂染
40009934193,lele114514,lelelele
2739033,tayeyre,Taylor Ma 麗如
39994598594,kickstarthkg,KICKSTART - Crossfit KSER
6038516140,pchome24h,PChome24h購物
46193646879,cheebisu,Che 胡
6253485308,09_29_14,Jizong Cai
10058014,_rociomadrid,Rocío Madrid
315398971,elsaanka8,elsa anka
12838453080,taos,"Taos, New Mexico, USA (follow)"
666829508,skitaos,Taos Ski Valley
44432670945,k_s_t_studio,KST｜美甲｜霧眉｜
45505841185,blingbling.crystal.hk,𝓑𝓵𝓲𝓷𝓰 𝓑𝓵𝓲𝓷𝓰 水晶小店
39243741,bo_wang_,Kimi Wang
306157860,zhuleeeee,安珠利
10435329115,mimichu0328,王昕語
3506052888,actor_nien_hsuan,吳念軒 오념헌
270713045,750grammes,750g
2536495909,croqkilos,Croq'Kilos
8787847559,eyebrow_sstudio,韓式飄眉｜水霧眉｜半永久系列｜角蛋白美捷｜
1312619423,miss.serene,薩琳兒
41175584555,the_aestheticbeauty,BEAUTY & SLIM
45555104800,jingliu195,Jing Liu
47059625522,pp.4580,PP
1565129572,eason_forex,外匯投資教學📊 APP開發｜平台搭建｜礦機組裝託管
40278675657,inabloom_,In A Bloom Floral
3666843097,aaronfonqui,Aarón Fonseca Quintero
3664967482,reynaldo_rossano,Reynaldo Rossano
45993839117,brynn.168,Bruce
1554717886,hey_iamweiwei,魏維 Wei Wei
352898208,ellieyoutuber,小愛夢遊仙境 Wonderland Of Ellie
4529908288,rebeccaquinnx_x,Rebecca Quinn
8583721531,doris9021love,朵兒
2158611345,share_kevin1031,設計師凱文/擅長男生髮型/男生燙染/韓系燙染/
1379591323,elliana_allon,𝐞 𝐥𝐥 𝐢 𝐚 𝐧 𝐚 𝐥𝐥 𝐨 𝐧 אליענה
1211649578,melissajeanbabies,Melissa Jean
6944289064,mini_shop0303,🌟mini-shop  高級訂製精工等級商品🌟
46208778034,rose.garden.hk,Rose Garden
4525330842,wazaiii,Wazaiii
269788680,qzzhang,Qz 秋子 Qz
46049405314,21studio_tw,21STUDIO®
7203031480,lisaka1010,柒默♡구름   𝓛𝓲𝓼 𝓪
29093255647,badgin7.7,Gin. H
10866140824,rodrirumi,Rodrigo Rumi
234628255,ferdente,FER DENTE
534300741,johannah_tw,喬娜-想入群請敲小盒子
1798140915,_kkkayyy_,Kayla🐣
313539273,__.pei0917,❤️Alyssa💋🥰
45965775757,w1ndy__1,
1610561788,vic_1219_good,陳信軒
8098910520,sdare_self,S'dare
1396933966,nico41349319,🇺🇸🇨🇦🇬🇷🇹🇷🇮🇹🇫🇷🇭🇰🇲🇴🇯🇵🇹🇭🇸🇬
182884138,arlenesgrocery,Arlene's Grocery
356484316,knittingfactorybk,Knitting Factory Brooklyn
46153915711,stock.911,心靈成長
46580708943,qq.o611_,Xuan｜泰國聖物｜🔮
8259933889,xamannailstudio,Xaman Nail
6218941123,wangjj77,Fiona Wang
45965039970,jia.zhen__,禎🧚‍♀️
8439765120,dodorocar,龍貓中古車
745581314,djuna.tw,DJ UNA Taiwan🇹🇼南島女王👸🏻
1968653715,fcgoafanclub,FC Goa Fan Club (24k)
1642292136,fernandes_brandon10,BF_10 ⚓️
2986793964,balloonwdl.5479,氣球仙境
632325215,p.ppg.g,ᴾᴱᴵ ᴶᴵᴺ 👀 | 1999 🇹🇼
33400525891,sin__0406,🔍Sin服飾💫
1315589995,jlf.22,Bernie
1447997472,monsieur_brownie,Brown粽宝
44848763778,corgi__0412,海王小哥哥⚇
685605040,glc.0721,RAY
44511006350,vibementw,Vibesmen
308236396,swimhardy,Jessica Hardy Meichtry
401236860,breejalarson,Breeja Larson
46356070137,ki_ki.1203,黃琪琪
823747506,ya1491951,🧚‍♀️丫丫&Macia🧚‍♀️
1774214147,hy.w1128,ꉓꃅꍏꋪꂦꈤ🪐
757362672,yoyococ,Michael
8743937687,art101_hairsalon,ART 101 髮型沙龍
537993361,165.naaa,奈小姐☻
44929720908,www558888,台中租屋
2986601791,linna_nails_studio,Linna竹北高鐵美甲師佛系美甲師
6964642776,bible.verses.a.day,Bible.Verses.A.Day
1147477599,biblegateway,Bible Gateway
5398088183,1993_yy_,1993.yy.fashion
2048892943,avicimark316,MärK β
270405241,jennifer_tu,Jennifer 凃💋Jenjen
1242093493,linda199709,小乖❤
495609749,cai1121_,Marx
22229607109,gomyski,GoMySki
38504330285,puma0060,Puma峨眉2店
45456349364,xiaoyong1985,Tianyu
2105465206,liquimoly_hbl,LIQUI MOLY HBL
2144797107,vflgummersbach,VfL Gummersbach
43543862963,soarashikurenai,宋嵐紅
619455855,_lbhixi,
45454831671,funnyfuzzy_pet,funnyfuzzy_official
25364782553,kassfann,🄺🄰🅂🅂🅺🅰🆂🆂卡思🇹🇼×🇫🇷
44167869832,lapremierewhite,LaPremiere
409876137,cyp._____,1萍☘️｜女神心機𝙹𝚃𝙴𝙰𝙼核心美編💫
2530111117,alexchen0216,自由教練 質感信/TextureHsin
45631946536,8_8_0_5_1_5,东坡居士_
46134195207,k9121219,☀️K
298066871,nwsl,National Women's Soccer League
9533235,gabby_seiler,Gabrielle Lorraine Seiler
253496789,maggie_song_mds,SONG DUO
5547031270,liewariko,Liew Ariko
533152525,dragon_0929,山本 靖也
1338483574,yan_yanerh,言言ㄦ🌺Uni
39427968976,arvin_1573,
2027461673,hj.nails,HJ藝術美甲美睫 Hsu Jai Nails Art
277414474,rolyatistaylor,Rolyat
16010165,helenstifler,Helen Stifler
11853494161,jiamin.56,Jasmine Goh
32006334923,charlene.whl,Charlene
4304459623,kubi.lafleurmakeup,Hkmakeupartist新娘化妝師-kubi poon
7377367326,h_writinglife,LIONel writing
2092071998,yanfu.l,Andy
38348358457,l._.510,²¹ 須佐
527718789,max_wild04,Wɪʟᴅ
1011996539,mg_waki,DJ WAKI 【Candy Foxx】
1355786545,desveladotv,Desvelado
39509593642,goddadfairymom,神仙家庭下班後的生活
44418365421,studio_candyfoxx,【Candy Foxx】
14208626354,rich.dinner,俗人飯局
231201123,urppleyeung,Urpple💜
36050382530,alice_07240,白白
1443523945,y___u_y___u,賴育榆 Yoshi
201841459,kochienhou,
2732281492,djshacho_candyfoxx,DJShacho【Candy Foxx】DJ社長
2051143097,denis.shapovalov,Denis Shapovalov
24353576,taylor_fritz,Taylor Fritz
45290559200,zxn__0203,𝑿𝒖𝒂𝒏
2513918306,flower_8091,花點點❄️ELSA的母后
7472821501,bb.0528.bb,我的小可愛Kimmy♡翁希妍
45615932132,diwangbuhuaijiu668,Kevin
12259795674,qi409_,多♡(招收精品代理✿ฺ）
1469958207,yusin7zz,♥️
6682748,sinmamaftm,SinSin Skateboard Coach
541547196,wasonbrazoban,Wason Brazoban
7419296,pavelnunez,Pavel Núñez
807759114,jennjennipa,Jennifer珍妮佛
33165443475,titi_0423,張婷
263302535,ronnieyauu,Ronnie Yau
14579535,dora_heng,Dora Heng
3562384004,beauday_official,BEAUDAY
3483938140,_jia.yin_,珈吟 / JIA YIN
43645933825,anan_06_35_,安安
22724209,arezzo,Instagram Oficial da Arezzo
182539398,samuelcirnansck,Samuel Cirnansck
45177212359,kimu.ken.ritsu7v,金健立
44530228520,superbeauty.cm,超美
41935555754,1001n.store,1001N.Store｜一千零一夜韓國時裝
6713841400,hiyes.tw,海悅廣告Hiyes
38933661006,mob06176,曚兒（mob mob)
698578861,hoachen55,Amateur photographer
1695164809,maquia.magazine,マキア＆オンライン編集部
1423914790,moremagjp,moremagjp
437319337,love.7uu,7uu🕶K
2469388478,kairang_happyguy,HappyGuy 開朗 노해랑
2090358405,ipsvipclub,IPS VIP Club
1292264989,bun_0215,媛媛 ♥ 新手上路·菜鳥驗光師
45426453177,haiyao_company,海耀國際娛樂
4013796145,2f_since2017,二樓國際精品
790343516,kikkafede88,Federica Pellegrini
22449642,elena.bertocchi94,Elena Bertocchi 🌸
42647646270,drchang8818,張豫苓醫師
6955620105,ting.0202_,林昶廷
996660,nichole061,NicholeTong🛫Travel🎨Graffiti
637806593,1997.2.24,🌼 ᴸᴵ ᶜᴵ. 🧸💜
7388951961,fit_fun_joanne,Miss J簡佩萍
6371047717,adcircus,AD CIRCUS
128644,imhahalin,Haha🖤🤍
195976455,paulnicklen,Paul Nicklen
331302059,shawnheinrichs,Shawn Heinrichs
45082010359,kaaaaai_29,🐵
2895834033,juddyie428,Chocolate  toffee
1677451166,shanice_yuan,ShaNice食光旅人筆記
1962408390,lllll_54321,小羚
45192579343,biogenage2021,BIOGENAGE HEALTH ASIA 万物基因亞洲
1616657537,yuki_3465,優希ᵞᵁᴷᴵ🌼
45372992783,1asonphoto,eason
9545168,inezandvinoodh,Inezandvinoodh
340166983,ashleybrokaw,Ashley Brokaw
3031970934,sara_lovesalon,縮毛矯正燙髮/京喚羽/鬆軟燙捲髮/染髮/台北推薦燙髮設計師
793044673,dancehall_yan,巖
406480167,07.17.39,Mika
38677111792,hair_jonyw2s,護髮專家 良心價格 以髮質為主的（90後髮型師）
477695445,abbysthuang,Abby Huang
2237326179,wondrous_angela,Angela Lee
37388854215,le.stuffandtreasures,Stuff.and.treasures2
26778247510,ann_nn1012,安安減脂中
1258618,npr,NPR
8215301,dansavage,Dan Savage
39027147138,inspirational0858,Giver
34687143512,bibi.2046,cindy💕辛蒂日常
1774802798,qbe_hair,💈髮型設計師Qbe 💈
1610731927,misselinelin1010,可可婕埨
5823634592,jiggybrokestelle,🐉ChangLi🐉
12374057,disnini,🎀𝗜’𝗺 𝗗𝗶𝘀𝗻𝗶🎀
1564608343,danielagyorfi,Daniela Gyorfi
1115440705,oana_turcu,Oana Turcu Brancu
240685428,pigmin_85,敏瑄🐷🌼
2224674059,w_en_angel,🦋溫小乖🦋
44197621838,nmandeveningdress,nmand evening dress
367190095,cielo1206,葵🌻
570595571,vic_hairstyle,宜蘭羅東 打造女神設計師Vic
329646316,wangyan_yan,王煙
44847320616,lion_2136,
1346898563,shynie_chen_,Shynie
244300019,sandyoficial,Sandy
14395854,monicabenini,M O N I C A      B E N I N I
1366943791,dolly.3535,Dolly朵莉🐟
27411642631,91.10.04_lo,🐽 Amber·駱 // JEROSSE婕樂纖代理🎀
189329568,zouterry,鄒文正 Terry Zou
605421101,mai_yu_ren,麥
1548014240,baby__cindyy,Cindy 曉萱
592938146,bonbon925,范范范爺🧸6D皮秒 卸妝棉 膠原飲 美白 豐胸 Nubra
431033544,chien.ying1008,黃仟瑩
309277482,sofiaxx_c,Sophia🐰🐰
38982514775,no_profile_1234598765,
2199387563,bluestone_group,Bluestone Group
1766044505,christallululu,Christal Tang
504812444,wmm_722,王民民
45166532439,meter.in,Meter.in手機殼(⁎˃ᴗ˂⁎)
45001004364,chugun5678nb,
765002966,hsununu_,許艾瑪
7824034970,coolfish01tw,黃心瑜
41934015889,garyliu_go_store,Gary Liu ✖️魔術師✖️自然老師｜創業家｜保養健康
44758652725,leedabeauty_company,Korea Beauty Academy
22928504,alexandrismos,Alexandra Gurgel
11727958,letticia.munniz,Letticia
11609251412,yeniucun185,野牛村高爾夫精品服飾休閒館
38084009966,912_faye,賽車女神🍹飛Faye.
1835954182,regina_0205_,雷嘉納 Regina👑
7463410944,kunchen1101,
287985219,appletai619,太子陳=子泰
44783097695,sun_media_live,太陽媒體直播SML
2081711452,ainio66_,AINI ♡︎
2030900651,ligue1ubereats,Ligue 1 Uber Eats
468502886,briatos23,Antho Briançon
44611582196,yifan_lee555,
8232701524,lati_taiwan,LATI NATURAL BEAUTY § 保養美學概念
40122978835,echo.7s_,Arthur
2364599414,nicksubkk,Nick Su 尼克.曼谷.泰國
44609589687,second.hand.brand.shop,台中二手旗艦🌼二手精品🌼二手名牌包🌼寄賣收購🌼精品代購
537631674,wen_diary05,青爭 ᵂᴱᴺ 台北美食 ｜台南美食
32221221549,yo.uyou7103,ÜÜ小公主💕
41932,lam2,林二汶
925545,leoball,Leo Ball
630046752,nn.u__,N͛ ·塔羅占卜｜靈通問事｜魔法儀式
44890382574,joanne_is.me,Joanne 🦋
3662295736,_______joann7,+86/+1
44904447624,corrugated2020,楞你處置
3722170800,_m.code,M•code
14326962038,madamefigarohk,Madame Figaro Hong Kong
44713338537,mumu517517,陳沐沐💜
380161164,yra_muzichenko,Музыченко Юрий
6889748,adam_moran,Maxim Golopolosov
42131022882,adoreyu.co,𝐀𝐝𝐨𝐫𝐞𝐘𝐔 𝐉𝐞𝐰𝐞𝐥𝐫𝐲 歐美輕奢質感飾品
2259800121,fishciou,Fish 💫時光姬膠原蛋白首席代理
1535194451,c.ting0107,陳俊廷
44912532523,lu_white1022,𝙻𝚞可懷𐂂
24615345058,bear888ssssss,熊大精品🐻FB.IG老字號賣場
1245953109,c.chloef,🥨
18849540059,babytv9099,
3204971101,jasminebyanka,𝒥𝒶𝓈𝓂𝒾𝓃𝑒 🦋🐈
1975264482,bandainamcous,Bandai Namco Entertainment
2218818388,dragon_ball_z_dokkan_battle,DRAGON_BALL_Z_DOKKAN_BATTLE
43636063058,akiramaelina,章真嵐 Elina
43649155984,clarence.araragi,Clarence 蘭
43686940422,wrour.5699,倪菲
44024922071,hoedalilyu677lk,方枝 Lily
44000741921,kcrubenli,Ruben li
44182004275,jet_eda_takumirjwa5f,Jet 曾枝巧
2046923528,linjun_1210,𝐻𝒶𝓃𝓃𝒶𝒽
3215093923,chi__0831,𝓒𝓱𝓲 ♡｜買濾嘴找小公主✨
243698385,wenwen0806,✨黃文文  文文黃✨是一隻🐷
328709763,awoo0118,阿悟Awoo｜臺南 Tainan
43514211642,ujalen_,姚 𝑱𝒂𝒓𝒓𝒐𝒅
31463467122,feuillage_design,Feuillage 💛
6280751655,stargoodfriend,星座好朋友
4836108429,banai_design,八耐舜子
43112221133,alayahrikutsuki,Alayah 陸薇月
43126019047,74nesbit.03,魯欣
42915247126,xuredearng_,Bentley 韓
43989966949,teiquirds_,祁 Velma
43688972104,chogeiye,𝑩𝒓𝒊𝒅𝒈𝒆𝒕𝒕𝒆 趙藝
43635534688,pourguor,Stanley 陳
44017355986,knfvjt968,喬靄
44678652046,ven__shop__,VEN 代購服務
1708768294,felicia.tingting,
2943110206,nic__183,Nicholas
2365006561,nurselovefoods,厭世小護士💉的生活日常👶
5503340046,lazzygirls__buy,LazzyGirls 懶女孩代購
292512764,lily_shane,Lily_Shane
1121606056,hakimjemili,Hakim Jemili
390947914,djimoofficiel,Djimo
43122019984,noelwen1987,Noel wen 1987
43982431872,kristianyasushiz8w,Kristian 康
36881107114,_and_lens,&lens
1161353543,urnotchrislee,李宇春 CHRIS LEE
4972423615,__0.375,0.375
9262242673,funguitarofficialhk,峰弦峰語 FUNGUITAR
1566561928,tsan8138,阿璨
1546684976,kul_0522,Kuan Lin
249287370,johnmoyerbass,John Moyer
366821217,dandonegan,Dan Donegan Official
398202930,w2021willy,欸克斯（X)
43892507634,37_colleen_,隋璧莺
21182915287,bra_we_like,包 二 奶Bra We Like (. Y .)
288940939,stanfordsea.ink,人間墨水
411270112,_l.y_lauren__,Lauren☀️跟著勞倫一起吃喝玩樂🙋🏼‍♀️
44275850215,thurknourtch70lb5,吕凡莎
44338992995,drawingisharrrd,Claire Zhou
744619743,pra_19970515,반용안💕あんあん💕Luanne💕安安｡◕‿◕｡
329608118,sefutbol,Selección Española de Fútbol
1445805934,sdp_1922_sad,SD Ponferradina SAD - Oficial
649189550,milaaaaa330,Wei makeunder素顏國際鑽石經銷💎
40711909571,belle_love_jewellery_hk,貝兒珠寶
1575806512,gw199820_,嘉容小仙女🍭
3222498329,kerker____,LWQ
42823653643,nailstwtw,whoosh
2080636766,b.league_official,B.LEAGUE（Bリーグ）
256344845,n_u.11,Naoki Uto
1489125499,m.code,M.code
43882068476,keikumotakashi,景雲隆
5788557094,anchihinwoods,許安植 Wilson
636174897,annabelle_ding,Annabelle
31603176980,bptroom,bpt ROOM
24912350320,watchcn_factory,
26974977,theprofessor,The Professor
192235935,bonecollector6,Bone Collector
21070062786,rech.designer,BIN LU 平面設計工作室
7378947326,dr.mhcosmetology,Dr.Mh+ Cosmetolog️y®  Official
44213137615,mariammagotsubame,Mariam 孫璐燕
43848915628,pavourmn0,淑英
1448506568,siyi515,思思 ❤︎ 𝑉𝑖𝑛𝑛𝑖𝑒 𝐺𝑢𝑜
43641535934,dmulcx073,李惠荔
24298550269,k119.tw,➽ 極端潮流Store
43647847081,querwar8e2,姚 Deandre
389720482,421.hana,ʜᴀɴᴀ
44010661513,tchomayu,張荔眉
43640642264,debby_668800,十三分糖🍬
44033737856,wroremn.tr,Lillie 楊
2349502224,bbchausa,BBC News Hausa
1133584562,alijita1,Ali jita
9450579415,chenhainuoleo,陈海诺Leo
25512311844,jlin0101,yanting
10749192665,reiki_taroto,TOTO 🏳️‍🌈🇭🇰十年經驗｜塔羅｜靈氣｜阿卡西｜儀式
43589711756,beckcao1987,Beck cao 1987
477612086,minyu_______,明渝
51917220,404shop_ka,💚LUNASIN COCOA朱古力代餐💚
5566930,luizcarlosjnr,Luiz Carlos Jr.
5606540,janaxavier,Janaina Xavier
260696481,katherineeemissyu,Katherine Yu
32258421232,wb_jewelry_tw,WB-Jewelry🌍
1707169372,sana.lai,Sana Lai
41624685260,kelsie.take.1997,Kelsie 武 1997
4006662810,siekody,KodySie 🤴🏼DJ KODY
1534506386,1r.__c,🐻‍❄️claire
43023283357,tanei0726,譚英💰
448633272,mhan_xu,
41010759370,ul1988859,𝔐𝔞𝔯𝔦𝔬 𝔴𝔢𝔦 1988
42833370668,patrice.tsuyo,Patrice 強
42858585546,ekikylie,易 Kylie
16917874,lakers,Los Angeles Lakers
24956129,jchillington,Josh Childress
332564185,faithcrystaljewel,信晶舍 Faith Crystal Jewel💎
39434398521,food_cafe___,簡(揀)•食
8059270449,mamingskitchen,盛明廚
42620269358,cheryl.karashi.yawar,Cheryl 辛琴柔
263283660,m____mika____m,💛🖤Mika🖤💛
5704152958,johnsonsessentials,Johnson's Essentials
16150880,flexwatches,Flex Watches
1386157147,curry18__,🐗嘴平珂莉｜女神心機核心高層｜
9067183601,abloom.flowers,Abloom Flowers•Scented Candle
1598140647,bimacimaw,인간비글
29449761664,amaz.2020,Amaz🕸不專業語錄
41207662640,aniya__to__kari,Aniya 唐韻雁🌿
643797948,fivel_stew,Fivel stewart
2120537,amyokuda,Amy Okuda
41228465562,sirknare,Pauline yuan
1586965189,kessss.w,𝕂𝕖𝕤𝕥𝕖𝕣🥀
41195651405,simone__lyu,Simone 劉
40082355,janjangogo,FONG A I LEE Janjan
41366655571,aine.37,姜冰
365908790,daisylinnnnnn,𝐷𝑎𝑖𝑠𝑦 𝐿𝑖
10655234944,taian_taiwan,泰安產物
41587274275,otori.yoshimi_,鵬誼
41769827980,raine_659,Raine 楊
1646995820,wsl_bossun,👉魏世霖  Bossun👈
5863733915,ilromanistaweb,Il Romanista
6733553592,paulofonseca_oficial,Paulo Fonseca
39176478640,guerqarmn_,Quiana wang
40986128597,princeukulele,小王子👑烏克麗麗
7394309569,mo_1126_,茂
4781701478,burwoodone,Burwood One
24517687,temmybibi,Temmy💋璇璇
9446584724,yiiyee.hk,YIIYÉE
1490834278,ninofreestyle,LA AUTORIDAD 👮🏽‍♂️
1509372485,elfechotrotiao,ElFechord Aka El trotiao
39032365843,edsel__1995,彭 Edsel 1995
38686912224,mantles.apparel,Mantles.apparel
39639644242,drawqaremn.73,郭兵
190835836,blingyournails,Bling Your Nails ™
39197521072,take.710,竹娟
1809764169,jyc890214,育宸🏃‍♂️
11815753395,novel.hk,大型活動既會員制青年組織
39683703598,zzzzzyyyyy.o,晴💖
760287188,julia_leischik,
40588542703,foutheytsm,𝐂𝐫𝐮𝐳 梁
599380905,_yuxin0214_,🤍 𝓧𝓲𝓷. │ 凱睿企業負責人
39845244685,ekbabykids,ⒺⓀⒷⒶⒷⓎⓚⓘⓓⓢ 免運優惠中❤️
1463046513,xup6fup6038,林安安🎀
1556982710,cclass_0863,池衍工程行
2215968173,wunfan_0522,凡凡4偶
11874512494,justhelenaoff,Just Helena
11581770,mathsefaitdesfilms,MATH
368348429,amisningc,洪甯熙
7433984077,huwahuwa__a,ふわふわ｜羊毛氈｜客製化
1531226643,stayfolio,스테이폴리오
1104319,rrace,유나얼
4647454,kissnonames,Mira
40808446407,91.bert9672,Bert 錢
40463603485,nikolas__takeshi_os,Nikolas 孟欽
1332119747,ellayang_1220,Ella 🦋
40255278727,foargheredge,馬彥增🍩
37350086889,cr.basicss,彩妆 护肤 面膜 正品代购🌻 批发6件起
2896589109,hocha.elite,好茶養生
896929439,annn_1211,小安
40264764574,umacamron,馬樂 Camron
40439596682,tsuki054,月
24771165,mohd_alramadan,محمد الرمضان •
1635165913,fhad_albannai,(بوصقر) فهد البناي
1471366365,jiang_mei_qi,𝓜𝓪𝓰𝓰𝓲𝓮
21409159486,baby.0401,🎈baby.baby童裝系列🎈
40226177295,hanibaby0423,✨最萌萌噠小吃貨💕 🥰身兼小小美甲師💅
1391741539,___bethelight,劉璨𝐋𝐢𝐠𝐡𝐭.
480078447,qqhua_1029,愷咪kimi 🐰👸🏻
1522780238,nocco,NOCCO
1522789875,vitaminwell,Vitamin Well
479097263,mionie_mei,Mionie Mei
4317961182,sharonnnlam_,𝐒 𝐇 𝐀 𝐑 𝐎 𝐍
3292883922,chamchamtn,HotelChamCham 趣淘漫旅-台南
4407898441,ba_bazaar,𝒫𝑜𝓅𝓅𝓎･᷄ὢ･᷅👸🏻
40030372898,sze._.wing520,🌍歐洲名牌直線代購🛍大量貨品以優惠價出售✨
1438956914,keita_dreams,🏖KEITA🏖
2216100777,jummii2_nail,朱蜜美甲美睫 ❤️新竹中正路❤️
2183056543,tiendasmax,TiendasMAX
224384027,claroguatemala,Claro Guatemala
6437951661,candy11039,曉欣🌸美妝、保養、旅行
16591970506,__ld.8_,
1743780096,hanhan0215,
722111010,chiue9493,平鵲杏
7860281457,synergicpro,Synergic Pro
4172863013,s74104,隻隻❤️
2073566704,japan4fun,日本代購 -《JAPAN4FUN.com》香港電子商貿
1499744985,admediaoffice,مكتب أبوظبي الإعلامي
329813870,abudhabiports,Abu Dhabi Ports
201497381,vvlee.s,Lazy Cat 🌺  Meöw~~ ◡̈
7767035676,susenji_since2017,𝐒𝐔𝐒𝐄𝐍𝐉𝐈 ｜𝐉𝐎𝐇𝐎𝐑 𝐁𝐀𝐇𝐑𝐔. 𝐌𝐘/𝐒𝐆
254430113,showlo,羅志祥 Show Lo
39854172535,hodoozzie,程 Ozzie
1506190100,mr.egg0921,Sliva Pony
30000548715,twinkyyshin,Twinky詠欣💫
9376723,_vincentlau,Vincent Lau🕴
234575219,firstwefeast,First We Feast
224047472,alvincailan,ALVIN
1979636589,luxury__wei,
5755329616,twinsss.beauty,🇰🇷 ᴛᴡɪɴsss.ʙᴇᴀᴜᴛʏ -韓國美妝護膚品首選店🎀
4374652832,__878787878787__,小杨
6024575212,nini.851126,妮妮𖤐Freya美神膠原凍品牌創始𖤐
1554652622,ann___1112,安安˶⚈Ɛ⚈˵
266861658,sheryl_leung,Sheryl Leung 梁雪瑤
1533252598,joshlin.tw,𝐉𝐨𝐬𝐡𝐋𝐢𝐧
456751973,apartmenttherapy,Apartment Therapy
352619588,myscandinavianhome,my scandinavian home
1506658109,jie.725,冰冰🤪
39443316720,lloyd.cho.akira,Lloyd 丁全昌
7677338983,dadahuangfoodie,黃達達的吃貨日記
1979292300,c__u__n__c,정은흔 / 鄭凱兒 / 𝐸𝓃 𝒮𝒾𝓃
3425010521,108day_lun_joe,綸Lun
537522866,sheila_1014,Sheila🌸
1692820292,f1,FORMULA 1®
241004637,rinusveekay,Rinus VeeKay (van Kalmthout)
46262565357,nikolai.yz,蘇 Ramsey
37575502439,palmers.taiwan,PalmersTaiwan帕瑪氏
5671042600,perennis__23,ℙ𝕖𝕣𝕖𝕟𝕟𝕚’𝕤
47141341785,mr_xiao0jun,Mr.straight
2994045420,chi_amelia77,𝐴𝑚𝑒𝑙𝑖𝑎 珈綺🌹
2207342119,wyj86rd,wang ya jun
44530228520,superbeauty.cm,超美
1268377248,haggardband,Haggard - Real Symphonic Metal
1690474504,therionband,Therion
31002653990,muila_la0913,嘻(๑⃙⃘´༥`๑⃙⃘)❤️
44784738728,byfavor.co,ByFavor
46032166020,kyle_hyli,Kyle
488223710,samhuang_520,靳曦
12398900519,mico.clothing,MICO.STUDIO ™ 中性男女裝
218659879,yunglin0923,徐詠琳 Ereen Hsu
4065395535,amberchang632,張瑞涵
225241552,yangmi_,Yang Mi 杨幂
637148837,bingbing_fan,Fan Bingbing 范冰冰
44195495092,exquisbeauty,Exquis Beauty 臻緻美容
47172238572,_chloe_ling_,Chloe
18279179762,rabbittuzwords,兔子。吐字
18359010,minicreamlife,Cream🍦
4113832531,re_niy,ℝⅇℼⅇⅇ
23167091720,xialun_0619,倫倫
2190529670,wan_hong.27,萬宏
36661255,fatimabernardes,Fátima Bernardes
5820120671,luliguimaraesoficial,Luli Guimarães
2298930947,mia_baby0204,♥  𝔐𝔦𝔞 ℭ𝔥𝔢𝔫
6966775216,jackson_yehua,Jackson
2089497163,kelvinlui___fitness,Coach Kelvin Lui
3349174,15ab3113,ⓘⓢⓐⓑⓔⓛⓛⓔ
1093205768,elllahu,
5708330839,bravipunxh,shuyi
43237946,yato1018,玟睿在韓민에
16929801287,sohcares,Sanctuary Of Hope
1400662899,pastorjohnhagee,Pastor John Hagee
46337308931,fffffei_ge,Gianni
46751463011,nina_1016ss,Nina💫
45667070426,mauqorejs,芬
7351578950,leona_design_au,Leona Kuo Design
1830708517,ben0912299560,東晏（大東手機維修）
480217654,___syuan___,I R I S ♡︎
406069951,heraltw_,𝑯𝒆𝒓𝒂 🎈
538236104,bbcradio2,BBC Radio 2
357594154,zoetheball,Zoe Ball
40009934193,lele114514,lelelele
352898208,ellieyoutuber,小愛夢遊仙境 Wonderland Of Ellie
368239122,315_________,ღ 𝔐𝔪𝔢  𝔜𝔦𝔫 ღ
2809453,sinbabe,ＥＩＫＯ.Ｓ
387889028,yayachaiu0311,巧喬chaiu
46373839036,lizifan17,
47308224548,ayoungmiyaspa_c,Ayoung Miya spa美胸按摩小精靈👾
1179168341,unitedskimtour,United Skim Tour
221761983,austinkeen,Austin Keen
1403062579,rabbit.0127,頓小兔
8380361685,skybing_la,Bing Luo
43698999130,share_ola,歐拉拉拉拉♾韓式燙髮.耳圈染.狼尾染.短髮
1675888,alvingoh,ALVIN GOH 吴吉倫
979919536,damitahuang,💋Damita 達米塔💋fashion n beauty
33113032,binkysun,Binky 辛巧琪
201446786,flavia0213,𝓕𝓵𝓪𝓿𝓲𝓪
2285051700,jeremyaffeldt,Jeremy Affeldt
3876547162,barryzitomusic,Barry Zito
34967850697,dr.willardswater_taiwan,Dr. Willard’s Water Taiwan 敏感肌
2187802022,shes_cc,Barbie Ci
1670224937,_____t.o.n.g_,童🅣🅞🅝🅖
1707286,dorianho,Ho Kwok Ching
484068483,ningxi77,顧檸西🍋七七
11340141250,yinzenn,yinzen
3251802816,rita.__lin__,🌺🌺🌺   Rita Lin🌺🌺🌺
192068307,dangerusswilson,Russell Wilson
226673462,jay_my31,Jason Myers
1451929598,clau_photog,Claudia｜登山潛水｜旅行寫作
10942422459,mbc830220,Danger🔥昇皇🔥台南總代理
5589655968,amanda_lin0119,Amanda Lin
16362114637,lov_buty.eyebrow,眉製造美🍀霧眉｜飄眉｜眼線｜嘟嘟唇｜美睫｜KSMP頭皮刺青
35200504091,freshpoint_hk,嘗鮮 - 優質食材專門店｜海外美食送到府上.
1707169372,sana.lai,Sana Lai
7295000068,catalina_dreamer,Catalina旅遊小筆記（抽獎ing）
246083916,kazma_kazmitch,Kazma Kazmitch
340062005,sharlotaofficial,Sharlota
1681673752,rose105117,Jocelyn
5314640882,yunbaeei,Yunbae🤎
1506190100,mr.egg0921,Sliva Pony
240991972,hsiachiawei,Hsia_tattoo
296030088,jerobi,Jameison Ledonio
2324395552,sym.taiwan,SYM
32645439528,dorothy._.d,
17262188,washingtonnfl,Washington Football Team
4103948155,redskinsalumni,Washington Football Alumni
11183409680,coast_88,一些你會喜歡的正品服飾✨
2727839,sirenhuang701,Siren
457731031,nana.genic,Nana genic ｜品牌藝術總監丶髮型師｜竹北.台中
1738439,depp1491,林駿霆
46113440708,o19926779,王 ℳ𝒶𝒹𝒶𝓁𝓎𝓃 1992
272855302,chinzooey,晶小姐
310985545,bonniee.96,邦妮子🌷
1593744638,daiso_official,ダイソー公式アカウント
1316582547,francfranc_official,Francfranc（フランフラン）
15509134346,onni_zoe,Zoe
1094185043,xiang1217_666,韓禹香
1476772511,hello_852hk,🐕歡迎動物主子一齊黎玩🐩
6647778303,xuan_sunny0223,何芸萱
6363168307,wae0216,大唯. 🚶🏻‍♂️
274927402,furby_0421,陳沐青 🐦Furby
13275109,etam,Etam
4001908228,dim,DIM Paris
5680533730,yuwei_706,薇 薇  𝐕𝐢𝐯𝐢𝐞𝐧𝐧𝐞 🐄
1368004988,hui_0315,𝐒-𝐉𝐢𝐞 ☺︎
44014154331,ar25817700,AR進階鼻美學時尚診所 - 張展瑋醫師
8439765120,dodorocar,龍貓中古車
45712695505,fujiwara_japan,
32825984645,victoriacchiang,維多𝒱𝒾𝒸𝓉𝑜𝓇𝒾𝒶 〰️❤️
12754254111,joysecret_malaysia,JOY SECRET
46580708943,qq.o611_,Xuan｜泰國聖物｜🔮
481053027,aboodeghareeb,
411055405,salmanmoasher7,salmanmoasher10
1457956462,juer_do_titsgo,解師傅
29093255647,badgin7.7,Gin. H
4636510013,ch_charmante,CH-Charmante半永久彩妝
9051222546,lylo__7,Lyle Lakay
223888993,erasmus95,Romeo
347028012,1023ashlee,𝔸許莉
40711909571,belle_love_jewellery_hk,貝兒珠寶
6721337879,michelle0_2_1_4,熊霓
4153861739,174_0614,🦋吳筱帆（帆兒）Fenny 🦋
313992747,yunchun0v0,영은쓰 ʏᴇᴏɴɢᴇᴜɴ
43863147437,apollo.3912,阿波羅小姐 / 台南 高雄 嘉義 台中 美食 旅遊
40776376255,superbamashop,Superbama日常小店
359545455,zacmirabelli,Zac Mirabelli
10968379,mallorysantic,Mallory Santic
3718949870,webb_4495,季緯
44995325268,nba77_77,運彩分析師
1521883300,viva_0000,viva_結
3178684900,chanlene77,Kiki🐈醫美諮詢
44221440513,chi___146,言吾氵其（17）
174070715,amei931111,Amei(小號）豐胸美白瘦身
303323894,motogp,MotoGP
3901069816,yamahamotorit,Yamaha Motor Italia
45951643431,bbj961103,
1338483574,yan_yanerh,言言ㄦ🌺Uni
3196009629,tkc_menphysique,𝑇𝐾𝐶 𝑀𝐸𝑁'𝑆 𝑃𝐻𝑌𝑆𝐼𝑄𝑈𝐸®
45684802337,chenchenxisichuan,jack
1464355817,coolanlan,
3650674065,dj.schatt3n,LIT aka Schatt3n
2523226544,jon.0903_ne,仲雲
621659835,gustavogomez462,Gustavo Gomez
538906448,alanguimaraes00,Alan Guimarães
1011996539,mg_waki,DJ WAKI 【Candy Foxx】
6950920241,rencefleur,𝘙𝘦𝘯𝘤𝘦 𝘍𝘭𝘦𝘶𝘳  倫斯
7203031480,lisaka1010,柒默♡구름   𝓛𝓲𝓼 𝓪
1424833729,violetacho2014,Violeta可可 台中/台南/全台 新秘婚紗造型師
10148452419,louis614_02,桃園接髮.中壢接髮.羽絨接髮.燙染護.推薦路易斯.
5781200467,kaychowsmakeup,Kaychowsmakeup
14208626354,rich.dinner,俗人飯局
307509295,elevationworship,Elevation Worship
30397413,hillsongworship,Hillsong Worship
45491694059,outerflyer.drone,Based in Macau 🇲🇴
3627308646,dj_ginta,DJ GINTA【Candy Foxx】DJ銀太
4756196661,imsylviatw,Yumi Lashes /Sylvia 法式美睫野生眉
4754296678,djfoy_candyfoxx,DJ Foy 【 Candy Foxx 】
6256808226,dj_maru_,DJMARU【Candy Foxx】
40323575535,x2_crystal,🔮X2 CRYSTAL｜良心價水晶｜持香港商業登記
792071194,harubb99,女王
3481557495,colorsofriyadh,ألوان الرياض
7848694128,saudidq,Diplomatic Quarter
342095625,tufnnx,提供全方位影像服務📸 安小燦🇹🇼
25384378364,ann073105555,茶芝飲-文藻鼎中店🥤
25364782553,kassfann,🄺🄰🅂🅂🅺🅰🆂🆂卡思🇹🇼×🇫🇷
561966390,lisa771106,琦淮
2203658029,f_da_yuan,
16455313377,bigballams01,店主親身A👉🏻D💖100%真實好評
1149898504,yun_h.724,莊昀翰
276397415,mtvnews,MTV News
3557305087,vmas,Video Music Awards
3566551613,wei_sai_han,🌹𝒲𝑒𝒾_𝒮𝒶𝒾_𝒽𝒶𝓃🌹
1816673651,pq_0131,簡子傑
32488921638,yiting0414_,Yi Ting
1095929489,monday_rays,展瑞 Rays
45652512964,au158_,ᴀᴘᴘʟᴇ.
14035835256,doris_woolala,Doris
284634734,disney,Disney
1666971549,sweetartscandy,SweeTARTS
39338419602,ailleen729,琪琪🧚‍♀️
1252521197,fat_shin,林宗賢
14821140636,js.netcool,JS Net Cool
526272440,miki504604,潔西卡❤️
588056569,undefined.666,𝙁𝘼𝙉 ⭐️
1622649127,eison_bass,夜神京奥
8284371053,ying_14y_,章魚仔🐙✨
1744925529,ferrari781218,Mars- 寶哥
175557395,padmalakshmi,Padma Lakshmi
308157444,chfshirleychung,Shirley Chung
40137713242,wei.flowers_,微花日日 - 生活花藝
234971485,cheonguman24,張宇敏 Cheong U Man
45089902351,nini_weddingstudio,妳你婚禮
304911848,pcody0305,安晴嵐
1533491715,__085e,黃蓉🌸
12115252114,m._.t.e.n,ℳ𝒶𝓉𝑒𝓃𝓆❦
1621994984,maojiang0514,貓匠
7388951961,fit_fun_joanne,Miss J簡佩萍
8750813839,bababam_audio_emotions,Bababam
2070218679,prismamediasolutions,Prisma Media Solutions
2090358405,ipsvipclub,IPS VIP Club
260610782,huahuaya,Flower 🌹🌷Q’s mommy ♡
13484101016,she_s_box,She’s Box
8030160827,ipsvipclub2,IPSvip2
1142443442,bearbaby_815,❤️喬昕兒
248646118,sigma1024,RUI LIN
321268499,artforum,Artforum
198506807,gagosian,Gagosian
883127932,dyckhao,Dyck 手寫
7331911325,doriin_0409,Dorin
3437068746,49101.official,49101 聽音樂的靈魂伴侶
1610731927,misselinelin1010,可可婕埨
32549551664,mimir_design,Mimir設計
271529594,yuyu1201,YUYU•MICISTY變態束腰董事|官網下單抽名牌包
10122660582,nanaiiwawa,nanaiiwawa
1366943791,dolly.3535,Dolly朵莉🐟
215921677,sultankyzy,Ляйла Султанкызы
1312211878,bayannurmysheva,БАЯН НҰРМЫШЕВА️️️️
45191519507,stranger.kl3,Hyper Ninja🥷🏻
45374851150,thistownhk,🪄接受批發/代理
45392347731,kellybaby8899,하림
1366850058,e_na_fay,❤️璇璇❤️。👧🏻波比媽咪👧🏻肉肉媽咪
2182480317,canalcitytv,Canal Citytv
3228088497,transmilenio,TransMilenio
6212352733,chingliu_makeup,新娘秘書👰紋繡師🎀
701354454,ink.hair_1,Ink-創辦人-kin
37755981951,lifenewshk,Lifenews HK - 生活提案事務所
492357337,____.da_,搭搭
45195808866,support_with_you,support_with_you_hk
44774280490,sugarhills2020,Sugar Hills 飴山
9150562904,hk_manson,Manson
54725478,hziyech,Hakim Ziyech
644663308,nayefaguerd,Nayef Aguerd
832044468,lynn.0s,
6082367240,timmy._tang,
5153514086,125_mickey,ℳ𝒾𝒸𝓀𝑒𝓎
4001538882,fionastaysinthesummer,💭
3255443287,helloann0315,安，你好
246977495,chiyinghh21,SICA
6794046542,howdygalsatx,Howdy Gals
2851511057,whybonnie,Why Bonnie
8662771119,yu_120300,雨雨♡𝐊𝐈𝐒𝐒𝐘｜𝐌𝐈𝐂𝐈𝐒𝐓𝐘｜日喬恩
1752297660,celinexchiang,𝐶𝑒𝑙𝑖𝑛𝑒 𝐶ℎ𝑖𝑎𝑛𝑔 🕊
41128655846,maomao9.2,MaoMao♥️ ✿Ⓜ︎ⓁⒺⓃ米蘭軟磁睫毛✿總代理
907592806,yen_13140114,靜涵💕 HAIN✖️OHNI雙品牌高層
191704473,cindyyyyy825,舒淇//身材變好.你的世界會不一樣
44762482974,huagi7797,張偉華
16965066358,onlyyu__,OnLy Yu韓女孩♡
14391733,janetlayug,Janet Layug
195367464,ashleykfit,Ashley Kaltwasser
6129645507,liao_jun_20,俊ㄟ
436773261,ab.bb_423,🐅小老虎ᴀʙ
1456261230,87.8_24,筑筑❤️🐷
44943493994,floral_times_,Floral Times
555337762,minmin_150,敏🌞
241446623,gn093700,郭佩姍
1257570780,_99696,陳霖
28125787437,lamagic_official,𝐋𝐚 𝐌𝐚𝐠𝐢𝐜
288664747,realmercyaigbe,MERCY AIGBE
753033787,reginachukwu,Regina chinedu chukwu
39529444780,yu1998.0730,小妤🐯
4464065515,pp1106joy,喬伊
277010468,serenalucky777,Serena.Y 楊穎欣
8912359563,je25929166,JE上越農安
44896872122,morning_house_,MH床墊
83988,angielinnnn,Angie Lin
5452016270,hong.wx_806,王學閎
301557358,galatasaray,Galatasaray
297934462,yigitarslan7,Yiğit Arslan
1763537525,daisy950617,程苡熙𝔻𝕒𝕚𝕤𝕪 |小隻女穿搭｜景點美食｜手機攝影📸
44132845709,ni._.412,倪倪❤️ ▫️賺錢▫️小額投資
16677028249,adaf.2,𝘼𝙙𝙖𝙞 & 𝘼𝙡𝙛𝙞𝙚
44909245502,haotien.66,昊天精品
44936540185,kulate2020,KULATE
5516041220,zzlinll,椒
484620428,yurichiu0325,媺蒂Yuri
261086463,scinternacional,Sport Club Internacional
337209594,fabianobaldasso,Fabiano Baldasso
7193117540,im.lareina,暄暄👧🏻
475002829,sally822822,Sally Ko🦁️莎莉
6217158694,yi.04.20_,Shi Cai Yi
2016015969,mininailshop2014,❥Mini Nail Shop - 附設美睫Eyelash
3066134737,xuyuan_19981020,言 午 許
281224578,hair_vicliu,Vic Liu髮型師
280635571,belindabencic,Belinda Bencic
29606710,jilteich,Jil Teichmann
44669962076,pure.brows.hk,Pure Brows
6024575212,nini.851126,妮妮𖤐Freya美神膠原凍品牌創始𖤐
245274979,fionakou12,Fiona Jeannette Kou
22724767893,mai_park.fashion,Mai Park . fashion ★
504812444,wmm_722,王民民
1643552300,uie12__,Uie｜高雄、台中、各縣市美食旅遊🥇
1903555237,hongyayou,虹虹兒💕
323462098,marchisiocla8,Claudio Marchisio
195534482,mirkisa,Mirko Vucinic
1959798894,shi_.yu,𝓢𝓱𝓲𝔂𝓾
2459121337,dduo__l,DDuo
43082735962,90.daceysx,笑
5872697151,sangmo.com.tw,Sang  mo || Yūko
39624563811,ear.boss,一耳五七 寵物日常
10482862,jbalvin,J Balvin
1270870002,darkielgram,Darkiel
354066124,o__o1018,ʀǟɮɮɨȶ 🤍🤍
42046431007,adalyn__fc,琳香
43934965745,boston.1994,Boston 范 1994
270694653,immichellez,𝐌𝐢𝐜𝐡𝐞𝐥𝐥𝐞 𝐙 ☾︎
33369194125,songjiang14,簡添財
39847225,corinchien,CORIN 不羈優雅
6178602797,yjh0907,YJ
3595747466,gorillaz,Gorillaz
3501999976,twofeetmusic,
43689170269,b.melanie.g,蕭婉亞 Ivy
42248939824,elainetsukasa,Elaine 司姬
40329007123,zedqin,Zed qin
1936052998,yiiooi,Yii Ooi
1327820507,hhpin,Pin
42666492476,winkbling_lash,ᴡɪɴᴋ ʙʟɪɴɢ ✧ ᴇʏᴇʟᴀsʜ ᴇxᴛᴇɴsɪᴏɴ
4091350391,wangying8115,王瀠
43992130960,whuyeidge,Isaiah li
3557036209,dinx2_0104,丁相言《D.X.Y》
29472375690,carson_____hair,💇🏼‍♀️將軍澳區髮型師
43604095481,skylerinzenmai,Skyler 殷薇琪
42084456689,gehardge,汪奕
43844601977,ax91616,
617116080,nana1005_tw,不是網美也不是網紅，是網腫！
34605508,97.303,ʟᴀɪ ʟᴀɪ ᵕ̈🐾台中燙染✄推薦髮型師💈
42919901817,ebisutracey1993,胡 Tracey 1993
9052780952,baobao12171217,BaoBao國外代購
7631015811,the.pink.garden,🎀全港首間粉紅色主題Studio Party Room
190137045,naliannalisa,ANNALISA
30512980,manudolcenera,DOLCENERA
42923846274,hata.archer,秦鎮 Archer
39533236120,ddshop.mo,D’Day Shop
1314800145,meet_hair_mk,遇見x張米奇
4020474291,03_rolls,🔩Rolls．螺絲歐美服飾 2017 ®
43402136655,zerpits,郝 Gaston
34747538384,meanless_214,MEANLESS
42893647867,tanbunbutch,譚文 Butch🚒
43769858472,rikudaniela,陸 Daniela
43652366101,0110li_,21y欣芸🤍🥂｜OHTA品牌董事
3621359115,weedian.ds,WEEDIAN
2111059691,brant_bjork,Brant Bjork
585171334,aiom_pan,Pan
355675116,lihyingg,Lih Ying Neo
365260562,allenpp0819,炭吉老爸
1336619172,arica1207,黃綺綺
260820939,nissaninbahrain,Nissan Bahrain
265207446,alhaddadmotors,Mercedes-Benz Bahrain
43697918356,seukai_,𝑽𝒂𝒍𝒆𝒏𝒕𝒊𝒏𝒐 𝒔𝒉𝒆𝒏𝒄
43523685040,liepoong.7,Zara 陽
43141347332,ashi.akira.aki,蘆昭秋
3272933721,m533012345,Angel😇
36093699,micky_fung,♛Micky
43748250253,m_129nails,元朗嘉城1樓1060號鋪
28212926651,gradgiftravel3_knit,畢業公仔｜手織公仔｜結婚公仔｜手鈎公仔｜鈎織公仔
41915361813,yiyi90772241,
8486680392,uninassau.doroteias,UNINASSAU Doroteias
1269469632,uninassau,UNINASSAU
2206068271,manbeier,麻吉姊姊
1993317,v_lovetung,Vivian ♥薇辣  ♡媽媽◆foodie◆beauty
1276432,mayjuneshines,MayJune 陈美君
41122497783,zuvio_zook,ZOOK
1558080926,alexpianist,Alex Chau
1470178668,mastersofhardcore,Masters of Hardcore
18811436,djmaddog,MAD DOG
10567304,loveyoko0403,Yoko.H
1320101216,raymond.kuan,Your Raymond Kuan / 你隔壁的老王
6240390262,bobo_0803_,波波
2618684,forever177253,江宜學（婚禮攝影）
1309135427,lin.dream_official.tw,Zhi Yang
378386629,revealedrec,Revealed Recordings
257001759,maddixmusic,MΛDDIX
548994702,yanping_20,小萍萍.ᴋʀ
14326962038,madamefigarohk,Madame Figaro Hong Kong
42496984004,bliss.shot,Bliss
42212836137,hair_jony2,Hair_jony
771255264,fish_ting_chen,🌸魚魚FISH🌸 - 魚妮瞳樂の闆娘👧
176877461,lessthanjake,Less Than Jake
21186951,bouncingsoulsnj,The Bouncing Souls
7461094962,berry516,𝙎𝙚𝙫𝙚𝙣
791217454,sweetbabyba,🌸森井優🌸
238798014,mo_chiaochiao,毛喬喬
1541249186,junejiangw,蒋珺/June
15388408390,katniss_1001,浪花拉格.江敏
239212787,thurstonmoore58,Thurston Moore
35068371,eleanoronly,Eleanor Friedberger
42995546161,84kuma.rik,熊 Rik
43002024469,tan_clea_1998,譚 Clea 1998
42974748539,fiepowlv,春
42397138215,dwightushi1993,Dwight 牛 1993🐭
31517675984,kingston131419,Kingston
4170784187,ticscool_ass,王安琦
1292121967,sunnxe,Sunny Liao
6283063158,richgelatotainan,Richgelato
32030101436,yuehchun.98,Jun
42981561012,luigi__3225,甄 Luigi 🎭
1917714470,tamsuihistoricalmuseum,淡水古蹟博物館
42184695014,kaede.655,姚楓 𝔼𝕞𝕖𝕣
1822359037,indianyouthcongress,Indian Youth Congress
2053667238,fairoz_jk,Fairoz Khan
2855262756,xuan__149911,Xuan Xuan
247812644,angel1003st,ST Tse Angel
627048651,prettyenzo__,
468461958,chume11100509,彤彤🎀𝒦𝒾𝓉𝓉𝑒𝓃
22590089706,x.xxhjg_,日斤（14）
7146124920,vandyboys,Vanderbilt Baseball
194604745,vucommodores,Vanderbilt Athletics
3881819252,bonnieloveslove,
42118539260,trair.3538,吳 Nancy
1281667535,babyt777,唐琦琦 ♥️ 77
1450755703,foliagestorefloral,拾 葉 Foliage | 母親節花禮預訂中
42111702765,rt.wrt,WRT👧🏻
42298630361,cloae_012,
1601744904,alove4life222,Lauren Williams/Angelina Love
267436854,skyisvelvet,Velvet Sky
40778309705,kamakama_2020,Knco Studio派對道具©
38283790673,koko.capri,Koko Capri
498183040,yixuan_327,1萱
38451803907,kncoshop.2020,K&CO嚴選頂級精品©️
42038075,kk0819,Cool
10178500362,vvmmchii_216,Massie‘s 瑪西
429081257,deiveleonardo,Deive Leonardo
249694602,pedrohenrique.oficial,Pedro Henrique
41623132010,ni.0112,
7487683748,seayouhk,多元海上活動體驗平台 Yacht & Activities
41589835479,qereshaungdh,Marjorie 馮 🌼
501296784,c.l.t_aiiiiimm,
368348429,amisningc,洪甯熙
7944354831,all_english1994,戴爾美語
5423318216,e3salon,E3高雄  美髮沙龍設計TOP
7141291,haileybieber,Hailey Rhode Baldwin Bieber
21808478,jeremybieber,Jeremy Bieber
41313157642,0168.tw,RIO ◡̈ෆ
1146335565,ya__0804,馮雅雅
2075298181,chichi_yen,琪琪💋
37739165271,skycityy2k,SKY CITY Y2K
618677284,ting_ting_juang,𝓣𝓲𝓷𝓰𝓣𝓲𝓷𝓰 𝓙𝓾𝓪𝓷𝓰
41419026911,elyza.221,曾 Elyza
1161353543,urnotchrislee,李宇春 CHRIS LEE
349417140,anibodalu,🐲 Anna Tattoo 🐉
19113152,barrefaeli,Bar Refaeli
16378276,shlomitmalka,Shlomit Malka Levi
