47412728646,2449562076w,runble
39455483006,knawyirck,錦
41234110180,rochelle_liang_1991,Rochelle liang 1991
39267348535,itari_ki,至奇🍺
45922930103,lairmuredge,Alexia li
40537121986,griseldaawabi,Griselda 鮑
41610444831,hitoshisofia,齊姬 Sofia
41231427819,tsunechiara,常婕 Chiara
39254073513,deepakgb_w,豐英
41780262277,chin__6972,陳宇
44021834073,catriona__ri,Catriona 李
39439428762,gorknoock,億
43809398875,treaxoreng,柯 Adriel
40803598135,ri.sakuj,李策
42507806250,poul__li,Poul li
43829812441,feihongximena,費紅 Ximena
46653761134,dreecaydge,Elysia 耿
40921101808,quakuidscs,陳 𝑺𝒉𝒆𝒍𝒕𝒐𝒏 1988
40227695287,worenare_56,Ricky 耿 1997
43606529276,thowchireck_,Janis 馮
40295782717,mutheutch,Clarissa 范
42068069257,65cosette,芸
40656136144,kan_cedric_1997,管 Cedric 1997
43844850164,kong31908siying6,Winston 胡
41372537025,shibanishiki,柴錦
43945755790,55.hocandy,侯 Candy
41777558263,bronte_lyu,Bronte 劉
42008388686,flick__gw,謝菲
42090723900,takeakiraqp,岳晶飄
41616091662,lyu_ai,劉愛
41536915521,tremaine__gz,洋
41233123630,87violet_,思
40995379792,zeebeu_,ℳ𝒾𝓇𝒶𝒷ℯ𝓁 楊詠
43798362037,montserrat_so__,Montserrat 蘇
39485399545,bristol_so,Bristol 蘇
43635806866,caghe6912,郭蓮
39453086656,nasir.che.akira,Nasir 崔照
43784819106,danikaxiong,Danika xiong 🍀
40036148754,albiebc,笑
44208792986,amethystzui,Amethyst 隋 🐫
43949651895,garbere__o,謝 Idris
42361769237,luknoreds,桂🏂
40959585592,zhushu5860,Chantal 於
40522187166,chin.kiyoshi.ko,陳潔香
41547051177,chin.deshawn,陳 Deshawn
40991164959,thurra3,龔星邦
44000301689,zeyzearck,劉芳
43957410848,dominick.weng,Dominick weng
40868677881,64.lola_,黃歡欣
41335318595,porterhayashiisamu,Porter 林方勇
41347109297,wrewjei,賴枝慧
43761597024,70langstonri,Langston 李釗
41120506212,chejenson,崔啟 Jenson🐚
41253128386,ha.ei65,𝑪𝒂𝒚𝒍𝒂 葉詠
44030448790,michi_shizu,路靜
41095517516,shu_en_ginger,朱苑 Ginger
43600716012,43__cho__kage,趙影凡
41489717377,wrewphal,Kera 葉
43408426763,01delores,彭 Delores
44427997054,badreardstm1,何 𝐋𝐚𝐥𝐚
42086475381,oz_andrewlai,Andrew lai
40350862677,kingstonnurikuni,Kingston 塗國馳
39499712662,vaqoang,徐寧😉
40426163292,egon.lan,Egon lan
39816839174,lennierimasaru,Lennie 李勝
41429339366,deirdre.bh,Deirdre 戴
40288390599,shu__alena,周穎 Alena
43571806039,bradwin.lyo.1999,Bradwin 呂 1999
43994293893,jordy__ri__akiran4k,Jordy 李琛斌
41374009181,honestyps_5,飄
39888852700,ue_kage,植影婷
41428673145,47gingerrs,高芬
40854357667,tahliaoshi,Tahlia 王詩
42168083467,svkaku_kage,𝐁𝐫𝐲𝐧𝐧 郭影菲🏇
43981879239,nadenesod3rda9,Nadene 宋
43997677452,aikei94,愛佳
39309579730,ri.chevy,李 Chevy
42303451315,cho_tammy_1999,張 Tammy 1999
43803271971,tomo__nijiymu,友虹
39650325180,shi__koshi,詩越
43394468170,45.hanakan,彭華寒
41609930454,cjulissa__to,Julissa 唐
40512378686,xoyjoodge_,Frances zhang
39390574530,soogur__,徐遠林 𝔖𝔥𝔞𝔫𝔢
40431002931,whoor02_,元增
40838491326,chancetake.4,Chance 武儒
41049020730,asejosephine_,焦 Josephine
40231533815,o_hayashi_randal,王林鈞 Randal
40030445546,xarjaitch,營群
39006182454,phorneretch,Nicky 侯
39640935081,blaze.he,Blaze he
40459380850,gayoi.996_j,𝑳𝒂𝒄𝒆𝒚 翟
39658589835,woaroa_,Dave cui
41573989222,gabrielle.miao,Gabrielle miao
39438541057,toorbour_g,Trace zhou
39624893721,hayashi_gael_1991,林 Gael 1991
45268971465,salvadorwang.31f3,杜國昭
41806721045,vickiwang1991,Vicki wang 1991
42015962061,shreya_cho_1990,Shreya 張 1990
40465082272,feidrairtch__ps,趙 Jan
40054833995,cho_osamu_nath,張紀 Nath
43473088459,choakirakiana,張昭媛 Kiana
39470010909,den__takashi,傅崇
40443770055,tappitracy,龍飛 Tracy
45464273547,otis__rif82,Otis 李
39045505396,fovay.361,Prince wei
41630043087,tam.ri.rin,Tam 李倫
39208887991,htommygo,Tommy 伍
42067029773,noemininkan,Noemi 任芳寒
40267348615,souryurdge,康立
41473079863,shaburemn__,芬珠
42252485654,tommie.nkt,文
39403697126,akira.7298,彰
41079207367,franklyn.jo.shu,Franklyn 徐州
40819769585,momasarubaylor,毛勝 Baylor
40361694100,wendell.shiba,Wendell 柴
43853505214,hilda_ebisu_tsuya,Hilda 胡欣艷
41106931718,trore__970,房 Jania
43364781019,sareberets,Lyndsey fan
40424847213,cato.513,郝 Cato
41170779389,otori855,穎鳳
42091320716,joyoshijess,徐美 Jess
41488495293,pheawear_,江 Rudolph
41237189815,kumo__41,悅雲
41453256366,chin__maddison,陳茗 Maddison
39068570597,landen_han,Landen 潘
41611556865,foiquareds.uu,Moses 戴聚灃
39068290849,hajimu_brantley,黎會 Brantley
40851416441,sairnaldge,龔磊元 𝓓𝓮𝓷𝓲𝓼
40857478907,ra.ume,羅梅
41095622295,katacleopatra,方 Cleopatra
42245701341,chiveif,張影
41715861311,take__sky,武 Sky
41235017391,anjalishuj,Anjali 周馥娟
41591828943,lyu__shibe,𝕵𝖊𝖜𝖊𝖑 劉蕊思
38820695778,tsukasatenreece,司展 Reece
40813007690,r.brigidl,𝓐𝓼𝓱𝓿𝓲𝓷𝓲 嚴毓亞
41784082168,mare_kuni_aaron,魯希國 Aaron
41616676592,voyhautch__,閻 𝒥𝓊𝓁𝒾𝓈𝓈𝒶
39649037832,dentsucasper,傅津 Casper
41226574628,mago_otori6,孫鳳
41050909326,gimegumi,儀惠
41628059561,tayler__es,芬❣
41189463350,tama__774,玉飄
41702075152,gi.yoshi.nicky,魏淑 Nicky
41829642168,29kylie__,𝔖𝔢𝔭𝔱𝔢𝔪𝔟𝔢𝔯 黃
40414070181,frankouken,Frank 翁牧謙
38568526914,jenson__xq,𝐄𝐥𝐯𝐢𝐬 王
41174826765,harvey_cho_1987,Harvey 趙 1987🐭
39432773187,kristianchinmakoto,Kristian 陳亮誠
40190239325,whienawtch,𝓓𝓪𝓻𝔂𝓵 陳
41002267168,kenagajebediah,曹賢騰 Jebediah
40534549796,oyasushiai,王泰藍🍱
42008124332,84.edaalex,顏枝 Alex
41389447344,eki.dante,易濤 Dante
41134769015,rosalinda__d,貞
41228799273,riraicaris,李莉影 Caris🍀
40283993624,callum_ri,Callum 李
39654237111,zuihisashi,隋溪永
41182017756,figreg.cheng,Greg cheng
39653765065,droakeids.nu,棠風
39258950634,rogelio_hayashi_sen,Rogelio 林選
41077648647,firguurdge,Kristina tang
40999188242,lyu_en_giselle,劉苑 Giselle
39244527995,ikechobs,Ike 張
41251105523,ra.chin.may,羅珍 May
42027152527,hayukiamari,葉雪 Amari
42020257435,cirknaw,劉學 𝔸𝕤𝕥𝕠𝕟🍻
43609334344,lilly__0270,魯 Lilly
39661603986,ronanmo7,Ronan 毛 🏈
40571961423,lyaku_gun,𝔹𝕣𝕪𝕒𝕟 沈略軍
39463284692,rihiroshimori,李洪盛
39518036655,kyokacey,鄒卿 Kacey
39273922827,jokaxander,徐可昊 Xander
39277640816,freddie.c5,淼禮
40560158728,qarku.147,平亮
40603013973,yonao681,佳尚
40232030198,ri_jo_wolfgang,李序梓 Wolfgang
39258702218,lyu__trenton,劉 Trenton
41135656586,birexaytsff,徐霄
41816209052,shu_kyo_teri,周蓉卿 Teri😇
39853188398,bartholomew__ho,Bartholomew 蕭峰
41239384356,wreavar,林 𝐃𝐞𝐬𝐡𝐚𝐮𝐧
41608066705,kailynararagi,Kailyn 蘭
41129233495,phebian_gx,於泓
39207797061,np.saiduma,Said 馬
39422977971,curegareds.o,啟☺
46124807294,ri_gen_,𝕁𝕒𝕔𝕖 李言
39171487631,nairhie,Chrissy ou
44046106099,sha_mamoru_mason,謝凡衛 Mason
43694426805,jyoshi304,淑
41884083823,lyolennon,凌 Lennon
41660039878,peychure,姚勤琳
45814684124,farpheeev,Zoey 袁
46283912803,chejunnoreen,崔純凡 Noreen
41942186554,lyu__i,劉穎伊🚞
45564455746,hourwer8,Jayla 鄧可妍
42686239258,tsukitsuya_,月艷
44175143678,kneeror__eu,黃 Eleanor
40981096001,yasushisaideshawn,倪靖才 Deshawn
44202884788,durni167vaw,Leona 沈
45098108262,kasumi_shu_buntyat,楊霞秀 Bunty
41401169000,37_zion1989,Zion 蔣 1989
39262297055,vieguawtch,𝔗𝔦𝔤𝔢𝔯 季蔚🍢
44193754451,wootoitch_egfd,Chanelle 黃
43848976503,whytrardgel2p,Candace han
43355039061,jacinda_duan_1993,Jacinda duan 1993
44489570651,maremuidge_,濟
41714651992,araragi_ei_caris,蘭英芸 Caris
41737563150,kloemago,Kloe 孫
42920369067,zenmai.shin,薇真
38896119630,beiheungvi,游 Jackie 🍑
45601961569,gai7564zhangzongzhangzong,Raine 楊
44271435115,gert.bobaohso,Gert bobao
41711410308,chinkiyoshiluigi,陳清 Luigi
44312947954,ayanna.ri,Ayanna 李
39037749561,kaze_364,風
44912294892,connor_ta_on,Connor 田恩🐗
45776890702,kaede.hannah,范楓 Hannah
45769696228,jenei80__,𝕮𝖆𝖉𝖇𝖞 邵
39845824716,urgerry.173,曾 Gerry
46143160614,gen.leandro,廖源 Leandro
44002301183,quarwhe74,Roni 趙
41399530419,hatarocio,秦 Rocio
45962093945,trare515_,𝒜𝓁𝓁𝒾𝓈ℴ𝓃 冉
41859083086,ritanjulia,李丹潔 Julia
41900150920,boothats.j,蓉潔
43474047036,drucoar,璟
39840025079,grayson_cho,Grayson 張
41961179236,xerekuimn26,𝕄𝕒𝕤𝕚𝕖 谷
42035547932,valentinayumizu,Valentina 游倩瑞🐄
41363045915,rirgue_,Giovanni lai
41916420353,08_jomeredith,徐 Meredith
38970475969,nani_yasuy,何安
42201922016,alaskaa__hs,王琰芬
46102035141,ri.otori.moto,李鳳素
44198637306,wheama_52j1o,𝒫𝒾ℯ𝓇𝓈 李帥繼
44994768986,damiangao,Damian gao
44930494379,trirvads.51,戴 Patsy
43371437909,takeshimidoridella,孟翠 Della
44206428172,chrystal.tsubame.kav9a,Chrystal 施燕可
45014767253,tsukasa.gei.arielle,胡 𝓜𝓮𝓪𝓭𝓸𝔀 1991
39228295247,lennox__r,𝔸𝕣𝕔𝕙𝕖𝕣 𝕙𝕖
39173326592,rikyotamaki,李卿環
39060537133,barrettshuiwa,Barrett 周岩
45815116033,chantalrikiku,Chantal 李菊
43848049808,pirecordge48b,珺良
41202431419,stella.lyu.makoto,Stella 劉丹
42696037872,emorris__o,Morris 王
39637517933,shika.025,然🍲
42264439414,56tama.shigeru,珠秀🏀
42146103670,moto__zennb,許全
46255558388,qianyueyi51,語寶
44304124348,michipatience,路 Patience
43873881868,o.ai01tdl,𝔍𝔲𝔰𝔱𝔦𝔠𝔢 王愛
38569708067,girfee,Jameson 賀濟
43999631750,kyoayakagedtk,姜彩影
43022427477,cate__em,顧 𝒮𝒽𝒶𝓃𝒾𝒶
46023080220,sushadge_,李嫻
41733037223,victor.o.to,Victor 王岩棟
45412717450,rieqauhldj,林迅
44411104369,tama.toru,玉融
39466393207,clifford.maoh,Clifford ma
45121524551,kogotamaki,邢凝環
41955177131,vanessamichi_,Vanessa 路
38700277567,quoathoong_,𝔈𝔫𝔷𝔬 𝔰𝔥𝔦
39845138513,harelererk,廖利臻
45787391315,88maxlyu,Max 劉 ⚽
38976621637,wrotheadge,孔菲紈 Karyn
39845104731,shu_hitsujisaru_cesa,周坤 Cesar
41114900757,toki.7515,𝕰𝖓𝖟𝖔 閻時
46084682279,kyobeck,姜 Beck
41297157638,laney_lyu_ai,Laney 劉菁愛
42294400768,rochelleotori,Rochelle 閔鳳
44767667980,knurphartch,淑芸
42101115944,muneoku.cc,棟億
43648580837,mamoru_caiusmog,衛 Caius
46427684661,nejor_76,September du
39250294333,mireshaw_,崊寧🚴
43781227639,wroolareds,韻秋
40536990897,mickey.li81,Mickey li
46234487949,duregire,廖 Conner
46158883691,audwinchazha,Audwin chazha 🚖
41654398812,lacie__yu__kage,Lacie 尤菲影
43120083078,m_mayu__986,眉璧🔥
42825385715,whuredge_,孫藝蓉
44017296683,gheesaredge4so,葉雅
46001090596,wrorcheu,菁
38296126128,so__tamaki__alexandr,宋環英 Alexandra
41605942560,meredithhodo,Meredith 程蓓
39630315461,nama.801,生
43994939773,bokubeauytjo2weod,卜 Beau
38785737132,vf_clayton,翟 Clayton
42300643157,millicent.ebisu.megu,Millicent 胡羽惠
46341786156,soiwawngd,於 Priscilla
42253089116,jacquesaga,Jacques 霍騰🐇
38779683184,furegeu,曾利升 𝕎𝕒𝕪𝕟𝕖
39132643874,imogenyoshi,Imogen 邢荔淑
46421286366,marla__i,𝑿𝒊𝒎𝒆𝒏𝒂 𝒋𝒊𝒂𝒏𝒈
45910062012,troqeux,𝓢𝓪𝓶𝓪𝓷𝓽𝓱𝓪 李
39169806591,larhaircknd,蘇 Ron
41450166682,ritakumiliz,李思巧 Liz
44615771538,vunou_3690,薛丞綸
42310305658,gi.yawara,儀柔
44970024917,paisleymuko1987,Paisley 向 1987
38589413580,komu4696,楊蒙🐐
39039409751,shutorukim,周融力 Kim
45253230555,evelynnishikihe,Evelyn 嚴錦爽
45804660531,poarxui__,彭 Johnny
43615558839,warabeakira__,童昭
42494900878,lyuarashi,劉嵐
39252138428,kojustinlc,江 Justin
44953644639,pershoio,董嵐 𝕵𝖆𝖉𝖊𝖓
45289920011,diekare_4,璧艷
46187304747,pheer.05_,余義 Lynn
45142681882,43.tame22,為
45754523068,verephore_,葉
39444013445,theo_haku_ken,Theo 白賢備
39842033200,mukai9133_,紀
42275683757,jo_yoshi_diana,徐美桂 Diana
42032960064,roy__chin,Roy 陳
38321755133,scott.lyu,Scott 劉
45811484403,qoyqareck1,Kathleen 於霄妍
39262002421,lyu__lonnie__,劉銳 Lonnie
43415199582,phair5572l01,𝔏𝔬𝔯𝔢𝔱𝔱𝔞 𝔱𝔦𝔞𝔫
41672130558,sx__rania_559,顧珊 Rania
38803612994,corypang,Cory pang
44188673213,52_jenellet,𝐊𝐚𝐫𝐢𝐬𝐬𝐚 邱可
44503897342,36mori880,杜菲
45731765819,mayuzumi__w,黛
46116914454,chomizuhoeoghan,張瑞 Eoghan
45460152982,neayiej1,佳
45145817536,tobiasgyuukuni,Tobias 牛邦
45919593015,lorriexing1998,Lorrie xing 1998
39852482535,phoawral54,楊 Jamie
41631927824,caltadashi1987,Cal 董 1987
43649879370,kirahajimukei,Kira 黎佳
42092639900,ueha04,植葉 𝓡𝓸𝔁𝔂
45223415986,shour053fq0i,Felicity huang
42121405192,jaretrairdge,ℝ𝕙𝕠𝕕𝕒 𝕤𝕙𝕚
46627275342,mika_6920,Mika 彭
41652500358,hi.sakae.8,ℂ𝕒𝕪𝕝𝕒 陽榮
42323640062,gorfereds,釗獻
45573364799,kakubrittney,郭 Brittney
38774221962,byronoosamu,Byron 王可紀
42290978010,nucho3512,Ally 李 😚
42821671364,guireds.bu,琦瀾
44741159394,xqbyvs2194a,黃貞枝
39233733586,cho_magnus,丁 Magnus
39649307613,10torin.so,Torin 宋磊🍼
46130190938,janicekanran,Janice 韓蘭
43266456445,moshin_el,毛新怡
45061526607,jorja.4359,程瑾琴
44175770823,tahliamizushizoi,Tahlia 蔡瑞詩
46446915335,ri__akira_,李璧昭
44134116494,akanetsubame,吳茜燕
46647049499,rocio__u,欣
45132970561,to__lyu__fu,唐龍譜
46812810386,nydou878,謝麗欣
45950193055,jinauds.8,裴瑞丹 𝐋𝐚𝐢𝐧𝐞𝐲
39267130325,c__sakushu,策州
44068168119,tomarigei20g,泊藝
45978692382,luiwrai__,Anthea shen
42147893303,wirgai6,Fatima 彭
43517002252,xienairts,Edward mei
44227889038,drirlure_pw,劉貞
42118685297,hi_kyo_otori,陽卿鳳
45751833457,lyuwa2355,劉璐羽
43382204069,biewrir,Oprah 王歡
45564092849,01ri.selena,李 Selena
42538111654,tomarifuku,泊福
39653090851,xqdon__,蔡采
44605453921,take.7658,岳 𝓒𝓪𝓼𝓼𝓲𝓾𝓼 🎰
46133030375,zhe733709,祝英亞
39462897708,queazoi,蕾🚋
44238160091,trare.945oi,李 Antonio
45244767878,mizu__katsura,於瑞桂
44751310217,inesrimidori,Ines 李翠姬
45999417751,deiphoafr,蔡 Everett
38307694678,jerry.mago.atae,Jerry 孫灃與
46573255746,annabella.vz,香
41672307380,connorritake,Connor 李亦竹😇
43950441862,arwintg,董啟
44035075904,kiku__callie,嚴菊 Callie
43626365215,nani_akira_roryy3h,何昭金 Rory
45877030317,00shiro_luigi,白 Luigi
39167598403,emmanuel_saru,Emmanuel 申驍
39251557082,dosou_42__,洋
42268460569,raven__580,Raven 馮
43959127928,tgj00255576,薛 Cora
44204771771,anton_ta28,Anton 田
42483909364,ciaranararagitomo,Ciaran 蘭州朋
42849247201,kasumi_takumi,阮霞巧
45962429603,broganbi1990,Brogan bi 1990
43624734429,bjornd.ughxk,滔🐕
39262506418,xorewhoremn__63,冉源
45131346953,pirzeeck,潔珊
44117654365,akatsukiakira56,曉晶🍈
39001848248,yorozuwv,曹萬
45728931767,urara_jun,麗純
42098252686,oku_lyo,億良
45695967739,trinity_danshanchan,Trinity danshanchan
45746283791,tunor_002,菊育
39645835099,rylanyuan,Rylan yuan
38713123035,akira_4551,邵晟
42188962040,ziggy_ra_ko,Ziggy 羅超工
44175243068,hayley__lu4l0,Hayley lu
45420684795,liugailiugai583265l9,Silas 王
43821922991,bawwerets_46,趙寧
43886969442,shiba__2764hrq,紈芝
43004542013,soorxore_,張 Perry
44412888021,kizzy__1987gc6,Kizzy 黃 1987
44402233161,kage8964,影
39443627655,zeebi59__,Brad 管
41467055990,warabe_toshi,童慧
42241314436,rhondayuan.lf,Rhonda yuan
43032079902,brittanyxieye,Brittany xieye
44969056811,layla__xu,Layla xu
46228654893,kiyoshi__pablo,蕭潔 Pablo
46260620616,lyaku973,略
45898381336,phore53.r,Kobe 姚洪怡
44243287479,ormagoakiratvl,孫昭
46010273016,yalguirtf,趙倩翠
42400920137,janice__ri,Janice 李
39451100854,pablodanshi,Pablo danshi
39437095240,tumurtse,Rashad 樊
45914505588,shu.liv,周 Liv
44021560415,tan_bentlyqiu,譚鑫雙 Bently
44059550521,choei_2997yndys,趙詠瀾
45916715557,richiesen.n,Richie 鄒宣霆💘
42049497891,ushi__ko,牛江
43628621071,38honour__o,Honour 王
45140160338,isadora.gi.1988,Isadora 魏 1988
46810544188,shubea1992,周 Bea 1992
43979492538,lyu__ko__viola,劉璐香 Viola
45729933702,a__tod__,𝕬𝖉𝖗𝖎𝖆𝖓 徐
44004073421,ko__zali_,江 Zali
39473760908,yahir_4890,賴 Yahir
43973103006,choanusha_e4g,張 Anusha
43864018602,eliotwanmo3m,Eliot wanmo
44969336858,knotoitch,露
45905572663,deyfoumnx,Judith 彭亞瑤
42317987192,uboris8025,Boris 姚 🍀
43832561854,kierra.zhao.1993dwj,Kierra zhao 1993
46140478162,darian_kiyoshi_tachi,Darian 畢清達
44175343573,ts199604jxz,戴 𝕶𝖑𝖆𝖚𝖘 1996
42120107505,motohiroshi_,許廣 𝓡𝓮𝔃𝓪
44496226856,lyuritsu__,龍立
45928597506,lashow5,梁冰菊
39441453076,paxtonshun,Paxton 邱舜
41108573907,lutrourdge,Umar xi
39120797208,chofukore,趙振之
45438145838,horephoodgec8,ℂ𝕠𝕠𝕡𝕖𝕣 郝
39651289468,kayniredgee,尹曄溓
39387551469,chazcl,解驍
44783946881,maximilianxiao1998,Maximilian xiao 1998
39861192086,xawcu266_,Cam 周
43657526435,liantao878771bi,劉 Sondra
44175553954,mourpiedsk,崔 𝕾𝖆𝖗𝖎𝖞𝖆
44660922184,rengyo_be,連業
44930228807,shawjere_,𝕀𝕞𝕒𝕟𝕚 陽
43711480460,keeley_cho.su,Keeley 趙
40911519442,toru.9376,暢
44938988051,oprahtei,Oprah 鄭姬
41129906806,qeretroitch0,Anjali li
46097307696,clarabelleliht,Clarabelle li
38792418472,stevera1995,Steve 羅 1995
39632085761,talonbs,逸
39853736713,kotomoezra,高朋陽 Ezra
43657911886,feexea__7wq,貞
45136768704,qianiliana,錢 Iliana
44201755494,sugar__5734,Sugar 彭娟蓓
42133331263,vewcare,志驍
46809384948,otori.tadashi,鳳儀
44284719316,tsuki_8802,月
38760335866,in__akira,殷濤皓
42503815594,jalmoitch_,賈淑
45189973165,yu_bear_19977q,𝑾𝒆𝒔 𝒚𝒂𝒏𝒈
38832037634,quentinyorozu1994,Quentin 萬 1994
44787420195,tanitammie,田荷藝 Tammie
44187465189,ashmagomakotop6b,Ash 孫誠
44029428723,hoardrods2l,璧
38918189676,sugar__han__kogo,Sugar 潘姣凝
41888554495,bettyhi__,Betty 費
38794238100,tachi.312,璟達
42061750436,zorewairdgec,真莎
44505690037,louellahokan,Louella 方寒瀅
45459321468,tsune.enmq,常苑
45120402353,julissacho__l,Julissa 張
45986354753,thomaskotakashi,Thomas 項藝崇🏡
46818224597,yu__yawara,尤柔
44499354135,ta.bi960,𝕁𝕖𝕨𝕖𝕝 田美
43857131713,itzelshadt,Itzel 謝
45709045882,pshugonzalo,周 Gonzalo
45167351441,lourdru_us,Tyra 喬
43008373696,abraham_9za,蕭顏
45782527190,shayna__cho,Shayna 張
43365022281,quarhal95,黃 Catriona
46127312173,stormn_,泓理
39360207475,yamaradu,Amara du
44975067179,yana__brandi,梁 Brandi
41311833825,qerquea_,𝕳𝖊𝖗𝖒𝖎𝖔𝖓𝖊 楊
39644089380,tameharu.m,為春🚨
44171195785,lyu.shigeru.chantal,劉秀莉 Chantal
42283494454,hodoartemis,程 Artemis
41305003044,kan__dara,韓 Dara
46247598885,elwyn_tangshang,Elwyn tangshang
43829420503,fabrizia0_uo020wjp9,楊 Sam 🏫
46617908316,thormagohi,Thor 孫營陽
41102549509,chin_ko_ramon,陳工軍 Ramon
38326720900,jomubeei,徐宜英
42289118531,lyu.ila,劉 Ila
44304173373,dara__cho__lyo,Dara 趙良
44193621659,o.tsuya.nickivj4,王琰艷 Nicki
44953738493,gaythourng,Mimi 鄭
43819027046,mawwroackf4,趙才
46096260922,trushir.k,媛聰
45287872215,lolafengping0d,Gail 賀珍
43823791148,o_kelsie62,王 Kelsie
43885112728,thoretsf,許民 𝕋𝕖𝕣𝕣𝕪
41735967828,mago_fleur,孫 Fleur
45763668161,craig.hata.mamoru,Craig 秦越衛
45382321851,shykireckq6,Casey 陳凡
45921198837,gueghui,吳賢 Glen
44057752608,cho.kage.you,張影耀
46805370301,sounureck,歐坤
43468736126,che__ranjh,崔瑾蘭
46151324510,daniella__cao,Daniella cao
39640755804,wewquurenl,成韋
44617835441,kyo.amya,姜思 Amya
46405087514,tadhgninmakoto,Tadhg 任遠誠
46805418680,teru.533,輝濟
38575556491,akira.kin__,皓金
45897572643,xuitrear__42,於 Aston 1989
44748502512,g__mori5033,𝐋𝐚𝐤𝐲𝐧 杜
45815963226,75__tiger_hiroshi,Tiger 吳浩
42164884204,pynoords,曾謙 Martin
45532583821,kayairdge.m,俞 Ben 🐂
45235911815,shour.793oe,楊 Amari
43632604766,alen_yanagi,Alen 柳
39422223563,qietrurdge,Adrian yao
38921913391,dawson__kin__ka,Dawson 金科
42486981266,gueayawtch,Lilly 趙
42125786325,mamorucosette,衛飄 Cosette
43629869100,delanieebisu,Delanie 胡
44614374143,beaphal_,Guillermo mao
44071768596,direpea_r,Adriana 吳詠
44488770913,kurefee_,徐溓剛
39443561680,paulxiong1998,Paul xiong 1998
46635081278,truiwroamn,超
39426278218,elmokanshun,Elmo 韓俊崊
44936533706,kuitrereck,曾 Hazeline
43612199947,ghaygeatch,Irene 黃
39051018172,hodo__5269,𝐌𝐚𝐫𝐜𝐨𝐬 程
44923061022,tachiyves,賈達繼 Yves🎽
46173025933,ha.marco.1988,葉 Marco 1988
40776217415,guauzireds,Manuel he
42319736726,bo.ritaxu,Rita xu
39394344622,beauri__,Beau 李睿
43610359889,knaphuredged,冰馨🍟
39400623894,risakari.b,李盛 𝓚𝓪𝔂𝓵𝓮𝓷
44011071390,takeshiharainao6v,孟葉 Raina
39621543734,hayashi.febian,林 Febian 🌷
39450636001,c684u98403,吳 Reynaldo
45796278195,toredrats__,琴
44286399479,imoto0691,妹菲
46465704579,wreere61,𝑰𝒗𝒐𝒓 蔣先子
45297384361,hofukustanleyhb,時靄 Charlene
45924769614,ninyoshimiglyndwr,任誼飛 Glyndwr
44767133015,knoxcho,Knox 趙彥
45923446477,hane__31,羽
44009033879,donna__hata__ayaerx,Donna 秦彩
46093341420,elliekatsura,Ellie 桂瓊娟
44135772676,gigi__yana,Gigi 梁
45871391762,duguo35959,覃瑜
46133430351,kinleyqn,庄詩
43834921500,remy_dengf36,Remy deng
44793532291,april__chod,April 趙
39241397085,ajay.min.kei,Ajay 蔣民慶
46248013217,arwenratsuya,Arwen 羅艷娥
44476404559,ishisatoaoibhe,石聰嘉 Aoibhe
39459106376,vince__984,Vince 黃 🐬
45134584151,andrea_ho_hime,Andrea 侯枝媛
41142584567,shurjairts,Bonquesha 賈
46165226615,nellchintoru,Nell 陳玲融
41943170468,o_en_arianne,王苑鳳 Arianne
39848163417,donnie_tsune,Donnie 常
42161930343,johnathon.yi.k,Johnathon yi
38551991806,kniewriretch_75,戴娣
45744502182,durva366,Joyce 關
44408888955,whitneymototakumi,Whitney 靳素巧
39849305205,bodie_so,Bodie 宋
43511889350,josemagojun,Jose 孫奎順
43977277880,nenaxiajiaa2m263,Nena xiajia
45096412572,e.yoshi84l,淑
46087621623,adnan.liao,Adnan liao
45051231812,rylie0ubz0,馥
44934428567,ayeshacho,Ayesha 趙
44751013868,guire_72__u,曉
45125571500,allison4tx,育
44185829477,dama_059wn0,楊玉
45927168424,yurphoredsrr,Kerian 楊
39863624530,narugenphil,成言 Phil
44773565327,denthelma,傅 Thelma
39030320511,80koshin,航進
44748158457,xynatsu.57,夏婕
39383963541,warabemamorufrederic,童曄衛 Frederick
44245496083,aoibheannhanqaa,Aoibheann 潘
46272826225,jexeamnym,劉 ℜ𝔢𝔫𝔢
45769483119,mawrair__v,曹冰韻 Ciel
45987219313,bouthatch,唐 Alen
39441390232,go_rin_ko,伍倫工
45727571962,enrique__zhu,Enrique zhu 🎳
45928400121,snownokoto,Snow 盧琴
45741084593,quinn.tani.kuni,Quinn 谷登國
39428711004,fu__nigel,郝振凱 Nigel
46090181781,deanna_lyu,Deanna 劉
43646529815,lydratch1cyp,Sanjay 朱
39634198862,reef.fumikatsu.komu,Reef 文勝蒙
46089547821,o__sada__roberta,王貞 Roberta🐟
43985860771,morgan_o_hiroshifpt,Morgan 王珺廣
42508841775,fourtewng,Tasha 莫蘭
42555092381,sha__courtney__1994,謝 Courtney 1994
46131738453,hidarirobradley,左朗泓 Bradley
39364015124,sandeepdenmukae,Sandeep 傅祖迎🍓
44486163231,dureqeidge,凡
39032158456,noki_4374,軒迅
45767316898,ume.letitia,梅 Letitia
45555196869,xoaknere__,Bartholomew 邢譜
44995911749,azusaakiraorsonuc,戴梓朗 Orson
44523024194,kumaterri,熊 Terri 🚔
44831543729,tewwrei,Abigail 塗 🏂
38969709556,finley_q_29,藝臻
39437237717,trevoryoshika,Trevor 耿洋然
45219354229,cho_keeley,甘 Lori
46084474638,hurzau.gw,龐希鳳
40973880678,clarkyorozusachi,Clark 萬宣祥
43752951226,jearwoa,李嬋
44308748812,adrielshitei,Adriel 施士亭🎱
44118286958,jairgure0,𝕄𝕖𝕝𝕒𝕟𝕚𝕖 𝕞𝕒𝕠
44683576737,talsoor.6,鄭萍莎
44509857767,jebediahriasahi,Jebediah 李利旭🐍
41737011247,qauwrodge,Genevieve li
39850577368,yoqeung,Collin cai
39629658992,guour1645_,Horatio 吳
46184128046,tsunearashiritsu,常嵐立 𝕽𝖍𝖊𝖙𝖙🐆
40975200111,to.mizu.moto,唐瑞素
39426135222,reubentaoyao,Reuben taoyao
46018216470,anika__so,Anika 宋瀅毓
41701265960,merebereng,張媛
42135320189,araragiitzel,黃蘭 Itzel
46020192097,meryl__xu,Meryl xu
46142749512,gordon__0,飛
38963127104,drew_hi_ken,Drew 溫陽謙
42287447957,riyoshilucinda,李淑 Lucinda🗽
45744227196,stefanji1994,Stefan ji 1994
39044762918,ernie.cho,Ernie 趙
38805875881,xoashirmn,和
39193459511,mube.tsuki,宜月🍡
39258986451,28cesarbao,Cesar bao
39846729202,souherdge_o,璟曦
45071655230,deecourmnv7,黃 𝐂𝐚𝐫𝐨𝐥
39394166156,kenriray,蔡健理 Ray
44285566729,echoxiajia,Echo xiajia
45311968648,rjoshuali,Joshua li
44209163751,riku_ei_kaitlynn,陸詠 Kaitlynn🍐
42570314336,okagenicki,王影君 Nicki
38903582179,basil__shi,Basil shi
46246069719,pordrairck,翠真
43627573241,itaru_torudn5xoq,達暢
39061473125,chobrett__40,趙 Brett
43829273845,97tomayuzumi,陶凡黛
44171035529,glennrinduel,Glenn 李
46336802423,gheephal,徐 Ashley
39682742876,carephore,Cheyenne 施
39024574173,shirpoy.2,祖
46128742848,baregueu_84,梁馨
44667970184,shazola96,謝 Zola
43629605242,jiaozheng716333,鄒馨玉
46339945792,gihitsujisaru_,魏坤
46080878316,maudehaarashi,Maude 葉妍嵐
39060800610,milangokage,Milan 伍影
44845718383,caiden.cx,譽州
44300981693,quore89_,𝔄𝔰𝔥𝔩𝔢𝔦𝔤𝔥 𝔶𝔞𝔫𝔤
44955139735,mori_imoto_brigid,杜妹 Brigid
44997703824,o.kian.1994l1,曾淼林 𝓡𝓲𝓴𝓮𝓻
46124115807,id__zara_ri,Zara 李姣筠
43811365191,conan__ag54b,馮勵
45926037922,yanamadelyn1993,梁 Madelyn 1993
39630655276,hodo_ervin,程霖 Ervin
43624534262,cheekuitch5,安浩
41324408603,droyjaumn,嬋芸
44764302252,takashikiyoshifuyu,喬潔冬
44037579600,fabriziawengs94,Fabrizia weng
39621366846,noojeeck__,尤悅濟 ℭ𝔞𝔦
44766379943,quoiwral,健
38971663140,chourarakari,張麗雁
44054193381,keikari_,佳雁
39456266615,tani.2313,谷 ℕ𝕖𝕕
45767066654,fukuyasumu,福安
45397031951,tadashi_gilberto6w,董 Gilberto
42511457018,chorrirts.o,凡
39451355393,so__tatsu,蘇辰 𝒢ℯℴ𝒻𝒻𝓇ℯ𝓎
44322914486,melissakotoshi,Melissa 高春慧
45572245176,ebisu__irodori,胡彩
44035379240,robynxu1999,Robyn xu 1999🏯
43994879461,ghore2286ny,𝑲𝒂𝒍𝒍𝒊𝒆 𝒅𝒖
43807621117,zhushazhuangelique,朱莎寧 Angelique
44049769881,ghiecare,Archer 李
44487571796,shu__bi__dee,周菲美 Dee
45253236382,voykere,單 Felix
39668240782,siedairts,王怡曄
46014664182,hodo.hei,程彥兵
46129806992,so_bryden_1998,宋 Bryden 1998
39620415791,lief_lu,Lief lu 🍀
43619230657,pharshoatsy0atrx,Cayla 莫
45929488232,sarahyanagi,Sarah 柳娣
45959161895,hajimudillon,黎曄 Dillon
46152293250,wherrourds,園
39249818860,ri__kai__ben,李帆 Ben
39842841686,hayashi_tsuto_sulliv,林溪傳 Sullivan
39447052738,cho.do.iain,張堂 Iain
39266010891,chorvorts,Gerardo lan
40913471863,lowell__10,ℜ𝔦𝔳𝔢𝔯 𝔧𝔦𝔞𝔫𝔤
44175010819,gayasushi,賀寧 𝔏𝔦𝔩𝔞
45269547111,neernearts.a,Irene 楊環巧
44961761522,johanna__chin,Johanna 陳
44120854311,bowguar,Tricia guo
43822354176,jeanine_katsura,Jeanine 黃桂
46094278539,veagurng,Tia 薛
44162212860,alena__zhang__wu,Alena zhang
44193672777,phoufenz,Mary 張
44066384390,98magdalenaduv4h,Magdalena du
42116228692,chin__7098,陳鎮宇
38503614934,shu_kage_amir,朱影 Amir
43971358971,86_samu_6429,寒歡
43986828767,knewchur,妍紅
38098294630,daniela.norie.hana,Daniela 紀枝華
41683118486,kyra__db,丹瓊
38567222890,akira__4193,亮廷
38898447539,hodomalloy,程淼 Malloy
38727897686,deshaunwp,ℭ𝔢𝔰𝔞𝔯 宋
45972273042,eustace__9,許瓏 Uriel
45076414627,eoinzghq,蕭曄遠
43889145823,hitoshijennettefja,齊飄 Jennette
44902423976,cz__kurtlan,Kurt lan
43867578625,qalshaukf8,琬華
44509561976,joorcire,霄
38507742267,gavin.kan.1996,Gavin 韓 1996
43969358599,kino__86tp1,紀爽
41975056132,gequi_72,Hanna 甘璐
44194264812,hajimuoceank0,黎姬思 Ocean
39055538877,blainetake,Blaine 武
44063104064,hendrix_ri_tsuet9851,Hendrix 李津
44173562270,xureknear,錦美
42053349211,kachi7380,勝濤
39446797987,reecejosachi,Reece 徐力祥
44206131346,to.haku016ndud6,唐博韜🙉
40935316812,jourreyds,珊
39858960339,kurumaaidan,車 Aidan
41694534427,np__tsukasa,司凡瑤
44006161785,amirah_ri_kogo,Amirah 李影凝
39074096510,59earl3,詹 𝕶𝖎𝖓𝖌𝖘𝖙𝖔𝖓
44044161932,ladoats,茗
43815907974,samukatsuraw2w,寒桂
41727166435,zackery_dan_atae,Zackery 段與
45010567898,n.choellahx,Liana 於 1993
39442005605,cavanrikumori,Cavan 陸盛⚡
39061624810,pairguick_,沈澤 𝒮𝒶𝓂𝓂𝓎
43824619072,whergairts__,韓鑫 Ezekiel
39240572717,pgwoodyyu,Woody 湯
38512795171,fukanmuri,譜冠
44027180421,jiregeertch,朱融 𝐉𝐨𝐥𝐢𝐞🌉
45434163150,drerhew25,Amanda qiangjiang
45925922179,tearfayts,陳瑗婭
39446660877,blaise___h,凱耀
45964990882,lorri.8,張凡
40914375695,oalka40,王 Alka 🦋
39459665129,teihitoshijamal,鄭仁 Jamal
39620143697,cho_leandro,張 Leandro
43828081859,akirayves,關斌 Yves
44310339979,marlenashoume,Marlena 庄瑤梅
39393978451,ri_yehudi__,李 Yehudi
44044442089,23_ko__dama,香玉
44135300731,ogyoandreas,王業怡 Andreas
46104432729,aston9_vk,霖增
45280234896,toru.4865pb,融
39234941976,geduardo_michi,Eduardo 路啟
39036525641,to_willis,唐 Willis
42255340485,irodorilizzie,聶歡彩 Lizzie
38973541563,samu__kiyoshi,寒潔🐢
39426631550,moriiwamitt,杜岩 Mitt
41281319183,liaocameron,Cameron 廖
44035555263,tsukasatoshimalachitrp,司利鋼 Malachi
44997151936,remington__jf7,馮增
45064762171,douwieng,Delbert 曹 😁
44306397069,callaninhei,Callan 尹鴻兵
45239872576,ko__guillermo,Sue cai 1986
42126131283,inann.5568,殷 Ann
44414280212,ko.tommy_078,江 Tommy
40775753816,jaydraing,娣
39628365735,to__mare,唐希
46094133568,draighe__,屈貞
39403961932,brendan_li_1991,Brendan li 1991
46115500496,sltake22,竹🍍
39220547252,hitoshifn,鈞
44674496845,varthei,柳娣
39042613486,texoo0060__to,姚先
46597221455,sheiseudge_,香
42313059353,siregetch,李 Lacey 🍡
38553975338,takumi.kan.au,巧寒
45567628045,piekir.ds,張琳
45751157115,ghoar00,潘 Loretta
45426771156,xawweer,常 Adelaide
44762109203,ashi.harper,蘆 Harper
44506329522,trorcay,覃婉
43136513035,hairwui.qs,衡浩
45391590832,falgueretch__,Dorian 路韋
45046332404,no__midori__lara0q,盧瀾翠 Lara
45947363256,ri__tremaine,李 Tremaine
46177664945,kinoavery,紀 Avery
46243501856,ghurqal,茗枝
44668961916,yaredardge,Annemarie 李
45391749950,tsunelauren,祁嬋 Naomi
42760329719,ga.imoto.cassandra,賀瀾妹 Cassandra
45803609435,natsupatience,夏 Patience 🍒
44316562487,shin.589,震敖
44593197975,v.ri__shelly,李 Shelly
38350598131,takachizai,田勝材
45763306122,xereshiemni,Ira 鄭
44598157334,tsuya202,艷
45240933276,ricki.730e0,宋枝鶯 Patti
45923356638,ebisu_river,胡 River
45863279544,mx_shibakumo,柴雲
45941995394,woavor_,Iliana 賈
39164047370,97ravi_cho,Ravi 張
45436786506,monica.toki,寧 Kristina
42157210830,40gregoryxie,Gregory xie
44932990901,sarinaqiushu,Sarina 邱舒
44489651974,berxawdge,曾 Cosette
41922665826,niji_88,虹鎮🐅
45033004377,roaboytchkr,李霞
46019232500,gonghuayuan29292,魏 Bentley
44461742092,chear_85,熊金
44925605615,christake__36,Christa ke
45943700430,wralshoor,菊
45080780566,karzoorck_9lw,Carl 董
44054784161,moya.rn,Tyra ni
44643772747,cindyrikuwa,Cindy 陸羽
46082900538,rimizuhokage,李瑞影
46150468389,giraicelia,顧儀莉 Celia
44482092523,23__ebisu5091,胡娜🏤
46111716295,muilorvm,昭禮
44920589226,wrartire,袁 Billy
46428950320,jerpei_q,沈娟
43920763597,hselina1987,Selina 吳 1987
44987072153,jarikaoru,李芳婕
45762801282,choivets,Casey 王
42074334932,azaria.gi.yoshimi,Azaria 魏嘉
46093194910,gabrielle_ri_yawara,Gabrielle 李柔
46080127791,hayashi__kari_,林雁 𝕹𝖎𝖘𝖍𝖐𝖆
44645811595,zareyoi_2,樊丹純🏀
41892300793,rigrady__,李 Grady
45878093683,kimbriellahisakae,Kimbriella 歐陽榮
44194446675,eva_shu.z2en,Eva 朱
46003713973,wrukeack.38,珍
45571407435,chefelicity,崔 Felicity
43862757564,paynieck__mdf,Klay 李
44278783555,kneeguutch,吳 Zahra 🐩
44769771866,nerissatsubame,Nerissa 錢燕
44792539364,leyphaw_,芝
38815312195,nanibradford,何 Bradford
38748871756,damien_qin,Damien qin
44593230136,viviana__9.db,𝓜𝓲𝓴𝓪 詹
46127287302,tammycaoxiao,Tammy 漕霄
46242941764,alexandra__cho,Alexandra 張
46267181659,gueaghoo_j,Liliana yu
45807200748,kan__caprice,康 Caprice 🐍
45060930614,xourkemn_,陳梅紅
46187944347,joadeerts,王爽 𝑮𝒐𝒍𝒅𝒂
44133172425,nani__sakae__charis,何悅榮 Charis
44649443254,hosearng,白 Katia 🚈
44587302641,whare_013,盛 Mehdi
44839560282,xaviera__40,邵舒悅🐻
44320554232,y_caius8347,黃 Caius
44764317090,zereqawdge_,向燾
45967621943,14.emmanuel_,家
44311091456,jorja816,姚蓓 Jorja
44301109293,27mori.bernadette,盛 Bernadette
44113063329,lawson_cho,Lawson 張 🌹
43847932557,blairkasumi,Blair 賈凡霞
43832330446,ismaelgokanmuri,Ismael 伍冠
39397259270,shuyasudexter,周泓安 Dexter
45556167827,wriewo,歌儒
44776075609,ebisu_0024,胡晨
44746406534,tuckeryinyan,Tucker yinyan
46268164913,emmersonkiatsushi,Emmerson 季銳毅
45929968872,corerearts,Bridgette 李
44214202212,cornelia.tan__,Cornelia 譚
45784922989,ghiseeng_,瀾悅
44474925341,reilly_zn,Yasmine 閔
44280991533,wrershew.rn,林丹
46110992579,noithoing,聖濤
43045168870,jennishu__,Jenni 周飄
45949930011,cirethour,孟議
38823693939,addison.tani.ren,Addison 谷連
44224873965,to.uguisu.winnifred5ok,唐鶯馨 Winnifred
39219662667,apollokang1999,Apollo kang 1999
44946971037,tordru,張琪芳
44435315759,05.adreanna,聶 Adreanna
42330116075,kc__phoenix_8,馥
42585446983,dermot1993,Dermot 馮 1993
43824253469,derrick.xf,彭 Marion
43757221424,lorcandz,蔚生
39035674810,z_nin.lucas,任 Lucas
44196762318,benimegumi,紅惠
43769768524,roawots,邵陽
43921447313,kerthourmn,阮嫻 Olivia
42441246453,tsubametakumi,燕巧
42118095630,wazoknackyr,謝高 𝒥𝓊𝒹𝒶𝓈🌌
44102713921,oaleisha.hu3i,王 Aleisha
42529525808,elmoakirasatoshi,Elmo 范哲聰
43152183398,adeline.ri.yoshi,Adeline 李美
39246810381,tokenrupert,唐建 Rupert
44261203510,stacyraakiratqukjjx6e,Stacy 羅晟淼🚛
38826004587,norbert__ms,𝐃𝐚𝐧𝐭𝐞 劉
42586963749,mooknoorts,Arianne 於婭姬
41242534490,i__carys__,戴伊 Carys
39195800588,uma_shu_wesley,馬營州 Wesley
39633003767,yana_rafael_1990,梁 Rafael 1990
39637795010,quourts_,瑞
39220102642,cale.tei.1996,Cale 鄭 1996
44062631007,wroohei4v,Keith 趙
38554159302,elwyn__nt,薛豪琛
43049022724,mirabel_zw,蓓悅
42602464095,usu__hei__hank,薄兵航 Hank
42937378863,qourhoatch,龔姣
43058627893,beymeu_,蔣 Delores
42972598518,hoarwhearts.11,謝珍
43107880520,dgindira_cho,Indira 丁悅娣
44056863288,idali9540hvma2g,Ida li
44067029667,chogeiteegan,張芸倩 Teegan
42320168008,karashi_82,𝒯𝒶𝓇𝒶 辛 🏤
39408374686,foyygawe,Boris 周璟
41412752509,germain__ran,Germain ran
43467376434,yasu__8481,安穎
42981977397,87_serenuz,嬋
41624929683,sadiedm__0,李 𝓛𝓸𝓻𝓮𝓽𝓽𝓪
44277442449,cate_.132x0,娥莉
39225254640,ismaelchen_,Ismael chen
42200928308,gueuhirtch,Carina 趙伊
42580406274,shu__in,周韻
44285042972,bianca.takeshi.yume,Bianca 孟宜夢🐲
42625120939,terrence.ishi.1994,Terrence 石 1994
42324633915,shu_ayag,周彩
41608038408,kiyoshi.ah,潔毓🐂
43488161031,weadrure8,梁嵐莎
43817197694,hoywroor5yr,孔 Giovanna
43374637866,jurdewmn_,王 Ayden
44162430826,rimanabulennon,李學 Lennon
39025773552,lacey.kei.gen,Lacey 鍾景源
39442482866,dante__li,Dante li
41680932073,41arturo.0,堯
42911663137,90kan__midori,韓翠
43871814168,trorladge,Eden 時
39635099110,cho__nozomi__hiroshi,張希洪
39461280686,soazeu,石時
42552097529,bethanhana,Bethan 華
39400829882,choennio,趙 Ennio
42829383044,larloarck,Zena hu
44122592111,47maire__y,閻 𝐃𝐞𝐥𝐚𝐧𝐞𝐲
43064684974,kenso579,魯憲祖
43390554133,f_zedsv,𝒞𝒶𝓈ℴ𝓃 𝓁𝒾
39234235617,finley__tsukasa,Finley 司
41719480134,huguore42,Britt 王
43100481168,april_ta_ka,April 田可
42273756038,nanidacey,何 Dacey
39605759419,naeyo.085,苗洋
43094841528,repoi_3137_m,萍毓
41720851458,shu_sai_,周瀚采
39232107745,ebisukagejohn,胡影 John
44214416627,suiguureng,Kay 漕芬桂
41840927025,ha_kasumi,葉霞
43294335458,63_jeannettef,愛
42396348407,ri.shibe.hime,李蕊媛💕
38828852569,yo__do__akira,余同晟
42860569555,emanuela__so__takumi,Emanuela 宋巧
39431440968,callan.79,Callan 郝 🐆
42494097752,clara__zhang_b,Clara zhang
42938587180,knayqa,李珠
41381794830,audrey.ri.ni,Audrey 李荷
43895061338,nowxalcb8z8edwfi,曹 𝕿𝖗𝖎𝖘𝖙𝖔𝖓
41914996138,sekicolton,席 Colton
43455197048,thowpure,Han 鄧
41725056799,liannetei,Lianne 鄭璧琰
44047111849,qearsire,吳瓏 George
42856178716,guarghootch.0,曹 Ike
42688902380,wrotredge,江勵
42905304647,mearmarng,Nellie 周
44002189177,hayashioctavio1998rik,林 Octavio 1998
42414569210,nanilolita7,何 Lolita
39170175353,mago.derrick,孫 Derrick
42439451251,qiepiedge,飄
39449528702,apollo.xiong06,Apollo xiong
44432315739,nourtrair.z,許瑾
38564019888,teequoarckv,琛🐕
39027603969,thuretch.8,宣
43466058509,errolcai,Errol cai
42383580107,27.leona04,姚 Leona
43023283357,tanei0726,譚英💰
44077549735,qormeardgeive,嵐
43859408533,ebisugei,胡倩藝 𝕽𝖔𝖝𝖞
41016974108,ogreyson_,益
42304211720,kaylee_xr,鄧 Denny
42655676002,ghordroarck,姚可 Nishka
41806149820,reretareh,𝕾𝖎𝖒𝖔𝖓𝖊 𝖟𝖍𝖚
39239771055,davionwp,葉 𝓛𝓵𝓸𝔂𝓭
42684140535,shibe.70,蕊
42850530739,rp.aislingnw,荷
41574434704,sho_takashi__h,吳翔崇🐅
43512724749,kyler.pf,順
43887982581,ft_tadashiv0j,𝑯𝒆𝒔𝒕𝒆𝒓 董 🐒
41894423870,millicent__4,漕 ℭ𝔥𝔯𝔦𝔰𝔱𝔢𝔫
42341084948,urosalindlyu,Rosalind 劉
42830873110,vowceengny,李 Kathleen
46117332253,nesbittsuneyoshimi,Nesbit 常嘉
39073925338,yasu.623,翟安
41143145089,clodaghxiang,Clodagh xiang
44750806311,jarenuts,充
38829189424,chire8606.di,寧
37490850590,orla.du,Orla du
36910570368,gonzaloweiyijin,Gonzalo 衛議金
44577101344,lyo__ei,𝓕𝓻𝓪𝓷𝓬𝓲𝓼𝓬𝓸 呂英
41534130232,okusugurualfie,聶億傑 Alfie
39671260226,xoartare.9,高 Cody
44033380197,sheiqoar,選銘
39039280570,okoshiwn,敖起
39005969492,alberto_yuan,Alberto yuan
46332698551,nani__shoen__abriann,何昭園 Abrianna
45774489219,shiroyawara,白柔
38561983143,queitreerng,Selma 於舒
39453417768,braydontohitoshi,Braydon 陶仁
39388038578,paxtonwen,Paxton wen
44179449998,colleen.lyu.shinef3rex,Colleen 劉真
37288293314,cao_scarlett,Scarlett 漕
46322808331,xeyknire_,Jonas 武
44966419469,eramona__,爽悅
42361513909,ana.kage.joy,孔影嫻 Joy
39608583408,gjdevlin,Devlin 柯
44174399692,sowalivvy,宋羽鶯 Livvy
38780007190,cho__forrest,張 Forrest
45397518355,ghair7618yfgh,Lincoln 夏
44782354820,ri__dina__1989,李 Dina 1989
38936232348,toyu.680,唐雄🎬
40688896002,zeaqocku,環
44112162563,drewzhangjing,𝒟𝓇ℯ𝓌 張景
38527393795,arlene.dama.tsubame,Arlene 龐玉燕
42245787288,02yoshigei,美藝
40771527867,fuyiets,潔
45406933350,raredruan,Emanuel 李 1990🐶
42744908328,wufen19630913,雅
37949562353,sheridanchaying,Sheridan 查穎
39282090404,kotsutoignacio,高傳 Ignacio
43511129871,henriettarinishiki,Henrietta 李錦
40242858240,wolfgang.fuyu,Wolfgang 顏冬
38522777262,ajay__gu_,Ajay gu
40187031128,sladeshiba,Slade 柴
37959072076,ceng.jason,Jason 曾
44191916664,jeuvuic,Carla yang
37858452893,sable.ki.katsura,Sable 季愛桂
45057289713,qooknoa,楊青🌇
38902743084,gueqirets.01,𝐄𝐥𝐯𝐢𝐬 張璟
42172974437,olgalyushizu,Olga 劉靜🐊
38100729382,take__khalid,岳 Khalid
41705777958,wrowtralng.cq,Vlad yang
41192070588,kanrei_,𝔗𝔞𝔩𝔞 康玲
39413721826,brandon_ebisu,Brandon 胡
46165803660,terihu1985,Teri hu 1985
39417849824,rudolphtodo,Rudolph 唐同
38999803205,sato__sai,聰才
42006108148,azaleaning,Azalea ning
44171455572,jawnairck_,管備
42917967597,quurtheermn,馮 Katie 1995
44990808891,vawqareds,韓毓 Maggie
39608550836,kobrendon1996,高 Brendon 1996
44191974754,ledro71933mi,吳素婕
43111043362,wheiphur,王學
41878668442,ceervuing,Dennis yu
42302427675,tsuyokumogo,強雲豪
42866285773,tsu_takashi,津崇
44202724387,48kanjerry,韓 Jerry
42367242763,precioussekini,Precious 席丹
39217303366,hobraxton,黃峰 Braxton
42419163623,chin0594,珍
41156646212,isaiah__akira,Isaiah 魯晟
42313671325,kristannoki,Kris 譚軒
43455746277,joanne__nani__1986,Joanne 何 1986
44009646609,joleneyana1991,Jolene 梁 1991
42183802489,ra.tadashi.mube,羅儀宜
44407708085,zeimoarck2,𝑺𝒉𝒆𝒓𝒚𝒍 周
41769311261,ri__emi__tam,李笑 Tam
42982042629,alaska.toki,Alaska 時
44451474048,lyuchinelyzapnl30h,劉珍爽 Elyza
42496403988,haru_843,春
41683948519,zorezeeng__ob,閻 Leonie
42170698096,leon__ps,𝓟𝓪𝓸𝓵𝓸 倪
44063088094,wheinoorts,Taylor 覃
41421909745,xeewroang,丞
41084574356,qirdraw,楊 Efrain 1997
41589612947,abbeyomayuzumi,Abbey 王黛
41925374885,agnes.han__,Agnes 潘
43841758352,98bartholomew3rd,Bartholomew 柯
42807570275,jemima.dong,Jemima dong
41937504100,lurnoy,邊鞏滔 Hendrix
42027424187,eris_wz,純
43748063995,88lavender.m,蔡璐😘
39633769939,ixrafferty_ri,Rafferty 李
42389435605,p.hitsuki,ℌ𝔞𝔯𝔩𝔞𝔫 陽月
46146573669,boipar,Heaven 曹瓊
42000834023,whoreck_5,Kimberly niu
41244105291,40_james_js,晗峰
41618212558,1988.013,𝑳𝒖𝒄𝒌𝒚 𝒛𝒉𝒂𝒏𝒈 1988
44214473931,meifu532,楊明風🐇
42325301622,lyu.aden,劉 Aden
43624846051,kyokutsuki,曲月
42305513514,ko.hitoshi.naka,𝓕𝓲𝓷𝓷 高齊中
44518504065,knoyguairng,李 Aria 🐬
1557943088,xx.rainbow,ℝ𝕓
10194530110,noursl9,Nour SL
39884054045,meryme928,meryem🥀
7367772673,saidou8786,Saidou Diallo
39621185417,safae_almontakiba_vlog,صفاء المنتقبة فلوك
38320350190,mouneshpattarmp,Mounesh Pattar M P
12510781324,lalhruaiaroyte,DXNaruko
40341932792,bonganihlongwane13,Bongani
21535921435,tontolbie_che_officiall,🔵Tontolbie_ché_officiel 🔵
39951977850,darshan.sanadi.184,Darshan Sanadi
38057611969,paraliyabhavesh25,Bhavesh Paraliya
39758326023,pradeeprajpoot596,Deep Bhai Rajpoot
39720244559,bk012084,Bharath Kumar M
32407435266,wwtrace2.0,Mpho🤪❤
