184644748,cp3,Chris Paul
1606728,celtics,Boston Celtics
351564405,kobebryant,Kobe Bryant
18296287,dwyanewade,dwyanewade
20824486,nba,NBA
10768203,kyrieirving,Kyrie (Kaire)
6860189,justinbieber,Justin Bieber
25025320,instagram,Instagram
5016456788,black_holyland,Black HolyLand 🇰🇷選物商店
1688552836,sunshineyu1110,Ted
20824486,nba,NBA
268332101,bape_japan,A BATHING APE® OFFICIAL
18914335,vansskate,Vans Skateboarding
16033149,undefeatedinc,UNDEFEATED
6716197,converse,Converse
18919774,vans,vans
391093397,bape_us,A BATHING APE®
28527494,hufworldwide,HUF
8559032,thrashermag,THRASHER MAGAZINE
1435383863,antisocialsocialclub,Anti Social Social Club ®
362471749,off____white,Off-White™
13336763,supremenewyork,Supreme
9538109,stussy,Stüssy
4778815033,aapestoreus,AAPE STORE US OFFICIAL
1417300659,aapestorejp,AAPE STORE JAPAN OFFICIAL
248972346,aapestore,AAPE BY *A BATHING APE®
5841159358,shredded.challenge,SHREDDED CHALLENGE
7622544352,retro__hub,5 millions plus
5783791274,paulwalker.poland,🚘🌎Paul William Walker lV🌎🚘🇵🇱
5761528077,paulwalkercute,Paul Walker Forever
5555699247,paulwalkerisan_angel,Paul Walker
5951385086,jaychou,Jay Chou 周杰倫
392407365,reachoutww,Reach Out WorldWide
9473172,rubyrose,Ruby Rose
2212872,lok666,Shawn Yue
6691429,gem0816,G.E.M.鄧紫棋
6199406489,hip.hop.tv1,hip hop music promo
1287006597,vindiesel,Vin Diesel
4471960714,staywithjoker10,寱偊
5453978816,hovie_jin,靳昊威
