2308030559,arminvanbuuren_thisisme,Armin van Buuren This Is Me
12773702650,mau5hop,mau5hop
7059147985,jeffreysutoriusofficial,Jeffrey Sutorius (Official)
366539122,weraveyou,We Rave You
32104415,tvnoisemusic,TV Noise
2142065368,maxximizerec,Maxximize Records
1269893232,samfeldt,Sam Feldt
257001759,maddixmusic,MΛDDIX
1512714305,zndrlng,Zonderling
304808431,mattnashofficial,Matt Nash
4444797667,itsnwyr,NWYR
40956021,thirdpartylive,Third ≡ Party
1677451565,spinnindeep,Spinnin Deep
243469801,sizerecords,Size Records
3950679437,stmpdrcrdsnews,𝗦𝗧𝗠𝗣𝗗 𝗥𝗖𝗥𝗗𝗦 𝗡𝗘𝗪𝗦
18521753,zomboy,𝐙𝐎𝐌𝐁𝐎𝐘
2286230089,dimitrivegas,Dimitri “Vegas” Thivaios
7323307,motiofficial,MOTi
291997129,blindersmusic,Blinders
392664688,vicetone,Vicetone
248279850,dashberlin,Dash Berlin
1777865675,malaamusic,MALAA
38803239,krydermusic,K̶R̶Y̶D̶E̶R̶
5783421,thomasgold,Thomas Gold
104989834,dannic,Dannic
17494436,marlomusic,MaRLo
1738558981,amffestival,AMF - Official page
196365989,iamkaaze,𝐊𝐀𝐀𝐙𝐄
312986651,magnificencemusic,Magnificence
747262753,raveculture,Rave Culture
175156696,feddelegrand,Fedde Le Grand 🎧 DJ & Producer
192191769,tom_staar,
1671252298,curbi,CURBI
1231094146,sandervandoornofficial,Sander van Doorn | Purple Haze
22009471,ericprydz,Eric Prydz
7935094,laidbackluke,Laidback Luke
31979762,sickindividuals,S I C K  I N D I V I D U A L S
53903439,ferrycorsten,Ferry Corsten
18936248,dirtysouth,Dirty South
46521516,lucasandsteve,Lucas & Steve
295548645,dimitrivangeliswyman,Dimitri Vangelis & Wyman
180974394,anjunabeats,Anjunabeats
18721413,artymusic,ARTY
187926625,beatport,Beatport
259397391,paulvandyk,Paul van Dyk
1553931196,shapovmusic,Shapov
381989673,lisamichelsofficial,Lisa Michels
46956673,steveangello,Steve Angello
191955619,dancingastro,Dancing Astronaut
290994462,gloria_golnar,Gloria- Haghpasand Hedfors
17463365,djtommytrash,Tommy Trash
228269423,mau5trap,mau5trap
28851572,ultramusicofficial,Ultra Music 🔊
6964241662,haldorasheim,Haldor Åsheim
31288892879,alanleezhg,AlanLeeZhG
550480784,axtone,Axtone
10179481,ingrosso,Sebastian Ingrosso
39377970,axwell,axwell
40357265,swedishhousemafia,
6002323046,rencontrenocturne,Rencontre Nocturne
276166533,djshogunmusic,Shogun
3608077888,yoninamusic,Yonina יונינה
319987532,stadiumx,Stadiumx
23814473,bingorimer,Bingo Rimér
4172929775,tangofficialcn,TANG唐
198081712,alex_ebert,Bad Guru
8881621405,avicii__usa,❤️ AVICII USA ❤️
25063782,deadmau5,deadmau5
33055151,aloeblacc,Aloe Blacc
310670677,carlfalkmusic,Carl Falk Gramer
214275881,ryosofficial,Ryos
293879594,usabasketball,USA Basketball
21953690,sanholobeats,San Holo (↑%)
43431703,infuzemusic,Infuze
206034174,shaq,DR. SHAQUILLE O'NEAL Ed.D.
225923860,dubvisionmusic,DUBVISION
18706841,ygtrece,Paul George
302166998,asotlive,A State Of Trance
23613805,kuz,Kyle Kuzma
175434065,damianlillard,Damian Lillard
36118956,antdavis23,Anthony Davis
297467441,itsjulianjordan,JULIAN JORDAN
237213623,lukadoncic,Luka Doncic
912639211,giannis_an34,Giannis Ugo Antetokounmpo
1485011963,jamorant,12 🖤🚶🏽‍♂️
7050373159,zaire,LLTC👼🏽
14805456,zachking,Zach King
2926336915,cartaofficial,CARTA
2027733186,rossdraws,Ross ✨
51222544,headhunterz,HEADHUNTERZ
2862911778,stmpdrcrds,STMPD RCRDS
371116921,slamofficial,SLAM!
3562365017,1001tracklists,1001Tracklists.com
192224388,vinaiofficial,VINAI
5727537940,dharmaworldwide,Dharma
43084131,bassjackers,
1991757842,futurehousemusic,Future House Music
16145656,timmytrumpet,Timmy Trumpet
289499891,protocolrecordings,Protocol Recordings
240563593,blasterjaxx,Blasterjaxx
196362639,matissesadko,Matisse & Sadko
1313608126,justinmylo,Justin Mylo
237193987,amsterdamdanceevent,Amsterdam Dance Event
9407242056,stevencymatics,Steven Cymatics
9271372088,drewcymatics,Drew Cymatics
271702521,amelie_lens,Amelie Lens
249188418,mestomusic,Mesto
1767975805,jonasaden,Jonas Aden
615584964,musicbybrooks,Brooks | Thijs Westbroek
3172371113,trevoromoto,Trevor Omoto
187664226,ninakraviz,Nina Kraviz
10304447,charlottedewittemusic,Charlotte de Witte
10514392220,martinandrami,Martin & Rami
9424925197,timberglingfoundation,Tim Bergling Foundation
145741718,steerner,Niklas Sterner
54043822,dj_dod,D.O.D
2751971797,hexagonhq,Hexagon HQ
544616744,spinninsessions,Spinnin' Sessions
744183464,musicalfreedom,Musical Freedom Records
272022909,yellowclaw,Yellow M.F. Claw
40328602,edm,EDM.com
189802609,diplo,diplo
181395647,ultra,Ultra Music Festival
205107877,quintino,QUINTINO
298228470,armadamusic,Armada Music
363327219,djsnake,djsnake
373587641,djmagofficial,DJ Mag
378386629,revealedrec,Revealed Recordings
19359711,skrillex,Skrillex
53672690,spinninrecords,Spinnin' Records
52844525,wandwmusic,W&W
144108526,dimitrivegasandlikemike,Dimitri Vegas & Like Mike
256567430,oliverheldens,🌴🦎( Oliver_Heldens ) 🐨🌪
295424908,mikewilliams,Mike Williams
180912227,afrojack,Nick
34820881,nickyromero,nickyromero
195734327,davidguetta,David Guetta
143773149,alesso,Alesso
366581549,tomorrowland,Tomorrowland
913386804,lostfrequencies,Lost Frequencies
25573937,kshmr,ᏦᏚᎻᎷᎡ
28527810,billieeilish,BILLIE EILISH
26555275,brooklynnets,Brooklyn Nets
11830955,taylorswift,Taylor Swift
1771001302,lostinhistorypics,Lost In History
1818392454,pjtucker,P.J. Tucker
13864937,easymoneysniper,
250131908,coldplay,Coldplay
212742998,shawnmendes,Shawn Mendes
624168435,kygomusic,Kygo
40188103,r3hab,R3HAB
50118968,beberexha,Bebe Rexha
237513547,calvinharris,Calvin Harris
7555881,charlieputh,Charlie Puth
205634318,cleanbandit,cleanbandit
198936816,thechainsmokers,The Chainsmokers
1540079,tiesto,Tiësto
13369638,hardwell,Hardwell
667249073,alanwalkermusic,Alan Walker
1660662141,marshmellomusic,marshmello
185546187,teddysphotos,Ed Sheeran
204633036,marvel,Marvel Entertainment
30464350,martingarrix,Martin Garrix
192648052,arminvanbuuren,Armin van Buuren
22088943,steveaoki,Steve Aoki
264046920,dondiablo,Don Diablo
24632982,avicii,Avicii
19410587,kingjames,LeBron James
184644748,cp3,Chris Paul
13460080,nike,Nike
1606728,celtics,Boston Celtics
351564405,kobebryant,Kobe Bryant
18296287,dwyanewade,dwyanewade
20824486,nba,NBA
10768203,kyrieirving,Kyrie (Kaire)
6860189,justinbieber,Justin Bieber
25025320,instagram,Instagram
5016456788,black_holyland,Black HolyLand 🇰🇷選物商店
1688552836,sunshineyu1110,Ted
20824486,nba,NBA
268332101,bape_japan,A BATHING APE® OFFICIAL
18914335,vansskate,Vans Skateboarding
16033149,undefeatedinc,UNDEFEATED
6716197,converse,Converse
18919774,vans,vans
391093397,bape_us,A BATHING APE®
28527494,hufworldwide,HUF
8559032,thrashermag,THRASHER MAGAZINE
1435383863,antisocialsocialclub,Anti Social Social Club ®
362471749,off____white,Off-White™
13336763,supremenewyork,Supreme
9538109,stussy,Stüssy
4778815033,aapestoreus,AAPE STORE US OFFICIAL
1417300659,aapestorejp,AAPE STORE JAPAN OFFICIAL
248972346,aapestore,AAPE BY *A BATHING APE®
5841159358,shredded.challenge,SHREDDED CHALLENGE
7622544352,retro__hub,5 millions plus
5783791274,paulwalker.poland,🚘🌎Paul William Walker lV🌎🚘🇵🇱
5761528077,paulwalkercute,Paul Walker Forever
5555699247,paulwalkerisan_angel,Paul Walker
5951385086,jaychou,Jay Chou 周杰倫
392407365,reachoutww,Reach Out WorldWide
9473172,rubyrose,Ruby Rose
2212872,lok666,Shawn Yue
6691429,gem0816,G.E.M.鄧紫棋
6199406489,hip.hop.tv1,hip hop music promo
1287006597,vindiesel,Vin Diesel
4471960714,staywithjoker10,寱偊
5453978816,hovie_jin,靳昊威
