45991287822,jean.rose.blake,
31288892879,alanleezhg,AlanLeeZhG
35370882820,avio.is.baaack,🇯🇵Avio Kavicii By Avicii🇯🇵
9010246147,avicii_life9,𝖆𝖛𝖎𝖈𝖎𝖎 𝖑𝖎𝖋𝖊
26070345040,technoh0use,𝙏𝙚𝙘𝙝𝙣𝙤 𝙃𝙤𝙪𝙨𝙚
7045106677,damimusicofficial,DAMI
1414981255,djvagnerm,Vagner Melegari
1725001185,aydindemirkiran,Aydin34
7558134426,aviciiers.community,Avicii (Tim Bergling)
6659466616,partyguiide,TECHNO VIBES
11647103845,malikchandwaseer786,
3685989117,mohammad_ramzan_95,ramzan
11446297006,rameshraees,Raees Ramesh
12315233298,babylil661,love
6724879285,30kroundmarcuss,Selling Account? STEPS ⤵️
4471960714,staywithjoker10,寱偊
5453978816,hovie_jin,靳昊威
14969460950,znba6d7fktrj,
11400437889,bhn3da71,
9126022391,bakytkali19702018,Баха
11317116435,hn71315,
1688552836,sunshineyu1110,Ted
